vampire_group;Kindred;;;;;;;;;;;;;x
invictus;Invictus;;;;;;;;;;;;;x
invictus_DESC;This covenant makes claim to be the aristocracy of the night;;;;;;;;;;;;;x
lancea_sanctum;Lancea et Sanctum;;;;;;;;;;;;;x
lancea_sanctum_DESC;Covenant seeks to influence Kindred society with the strictures of Longinus, who is believed to have been turned into one of the Damned by the very blood of Christ;;;;;;;;;;;;;x
al-amin;al-Amin;;;;;;;;;;;;;x
al-amin_DESC;Muslim vampire nobility;;;;;;;;;;;;;x
banu_shaitan;Banu Shaitan;;;;;;;;;;;;;x
banu_shaitan_DESC;Devout muslim vampires;;;;;;;;;;;;;x
dammatic_creed;Dammatic;;;;;;;;;;;;;x
dammatic_creed_DESC;Jewish vampires;;;;;;;;;;;;;x
livian;Livian;;;;;;;;;;;;;x
livian_DESC;Vampires who believe the mother of Longinus was also a vampire.  A syncretic heretical merger of the Testament of Longinus with the Circle of the Crone; hated by both.;;;;;;;;;;;;;x
die_nachteulen;Die Nachtuelen;;;;;;;;;;;;;x
gnostic;Gnostic;;;;;;;;;;;;;x
osite;Osites;;;;;;;;;;;;;x
nepheshim;Nepheshim;;;;;;;;;;;;;x
mystikoi;Mystikoi;;;;;;;;;;;;;x
vii;The Betrayed;;;;;;;;;;;;;x
vii_DESC;Covenant of vampires who secretly hunt vampires;;;;;;;;;;;;;x
camarilla_group;The Camarilla;;;;;;;;;;;;;;x
longinus_group;Kindred who follow the Testament of Longinus;;;;;;;;;;;;;;x
sennex;Sennex;;;;;;;;;;;;;;x
sennex_DESC;Cala Senecta: the Wing of Ancients. The leadership and nobility of the Camarilla. This is also the name of the voting governmental body which mirrors the Roman Senate of the mortals.;;;;;;;;;;;;;;x
legio_mortuum;Legio Mortuum;;;;;;;;;;;;;;x
legio_mortuum_DESC;The Legio Mortuum: The Legion of the Dead, the Camarilla’s military arm and strongest means of maintaining its traditions.;;;;;;;;;;;;;;x
cult_of_augurs;Cult of Augurs;;;;;;;;;;;;;;x
cult_of_augurs_DESC;Cala Vaticinium: The Wing of Prophets.  The Cult of Augurs are the dark priesthood of the Camarilla connecting the vampires to the Roman gods and keeping Rome in their good graces.;;;;;;;;;;;;;;x
peregrine_collegia;Peregrine Collegia;;;;;;;;;;;;;;x
peregrine_collegia_DESC;Cala Hospitia: the Wing of Strangers.  Foreigners are not shunned from the Camarilla, but they will never be made full citizens until they fully adopt Roman customs and law. Outsiders band together in this low-caste wing;;;;;;;;;;;;;;x
abrahamic_vampire_group;Monotheistic vampires in the Abrahamic traditions of the Levant;;;;;;;;;;;;;;x
pagan_vampire_group;Pagan vampires;;;;;;;;;;;;;;x
circle_of_the_crone;Circle of the Crone;;;;;;;;;;;;;x
circle_of_the_crone_DESC;Covenant venerates a variety of female figures as an amalgamated creator of vampires, the Mother of all Monsters;;;;;;;;;;;;;x
fuil-beannaithe;Fuil-Beannaithe;;;;;;;;;;;;;x
fuil-beannaithe_DESC;The Blood Blessed of the Celts;;;;;;;;;;;;;x
weihan_cynn;Weihan Cynn;;;;;;;;;;;;;x
weihan_cynn_DESC;The Sacred People of the Saxons, the Woods-Witches;;;;;;;;;;;;;x
unaligned;Unaligned;;;;;;;;;;;;;x
unaligned_DESC;Not a covenant at all, but rather individuals who are independent;;;;;;;;;;;;;x
forsworn_vampire_group;Belial's Brood;;;;;;;;;;;;;x
nameless;Nameless;;;;;;;;;;;;;x
nameless_DESC;The Hidden;;;;;;;;;;;;;x
roaring_serpent;The Roaring Serpent;;;;;;;;;;;;;x
roaring_serpent_DESC;The Archons;;;;;;;;;;;;;x
pandaemonium;Pandaemonium;;;;;;;;;;;;;x
pandaemonium_DESC;The Antinomians;;;;;;;;;;;;;x
mercy_seat;The Mercy Seat;;;;;;;;;;;;;x
mercy_seat_DESC;The Faustians;;;;;;;;;;;;;x
smokeless_throne;The Smokeless Throne;;;;;;;;;;;;;x
smokeless_throne_DESC;The Djinn;;;;;;;;;;;;;x
scarlet_rite;The Scarlet Rite;;;;;;;;;;;;;x
scarlet_rite_DESC;The Hyletics;;;;;;;;;;;;;x
revenant_duolosi;The Duolosi;;;;;;;;;;;;;x
revenant_duolosi_DESC;Servants of the Forsworn;;;;;;;;;;;;;x
corpus_delecti;Corpus Delecti;;;;;;;;;;;;;x
corpus_delecti_DESC;;;;;;;;;;;;;;x
horned_hand;Horned Hand;;;;;;;;;;;;;x
horned_hand_DESC;;;;;;;;;;;;;;x
teeth_of_yamatu;Teeth of Yamatu;;;;;;;;;;;;;x
teeth_of_yamatu_DESC;;;;;;;;;;;;;;x
vii_vampire_group;VII;;;;;;;;;;;;;;x
dammatic_creed;Dammatic Creed;;;;;;;;;;;;;;x
dharmic_vampire_group;Dharmic Kindred from India;;;;;;;;;;;;;;x
asura-dharma;Asura-Dharma;;;;;;;;;;;;;x
asura-dharma_DESC;Hindu Kindred;;;;;;;;;;;;;x
mara-dharma;Mara-Dharma;;;;;;;;;;;;;x
mara-dharma_DESC;These kindred believe they are the daughters of Mara, the demon who tempted the Budhha.;;;;;;;;;;;;;x
prati-vasudeva-dharma;Prati-Vasudeva;;;;;;;;;;;;;x
prati-vasudeva-dharma_DESC;These kindred are the inversion of Jainist beliefs.;;;;;;;;;;;;;x
laibon;Laibon;;;;;;;;;;;;;x
laibon_DESC;The indigenous kindred covenant of Africa.;;;;;;;;;;;;;x
high_clans_group;High Clan Vampires;;;;;;;;;;;;;x
vampire_high_clans;High Clans;;;;;;;;;;;;;x
vampire_high_clans_DESC;Noble vampire clans of Europe: Brujah, Cappadocian, Lasombra, Toreador and Ventrue;;;;;;;;;;;;;x
koldun;Koldun;;;;;;;;;;;;;x
koldun_DESC;The noble Tzimisce vampire clan;;;;;;;;;;;;;x
ventrue_high;Ventrue;;;;;;;;;;;;;x
ventrue_high_DESC;The Ventrue high clan of vampires;;;;;;;;;;;;;x
toreador_high;Toreador;;;;;;;;;;;;;x
toreador_high_DESC;The Toreador high clan of vampires;;;;;;;;;;;;;x
brujah_high;Brujah;;;;;;;;;;;;;x
brujah_high_DESC;The Brujah high clan of vampires;;;;;;;;;;;;;x
lasombra_high;Lasombra;;;;;;;;;;;;;x
lasombra_high_DESC;The Lasombra high clan of vampires;;;;;;;;;;;;;x
cappadocian_high;Cappadocian;;;;;;;;;;;;;x
cappadocian_high_DESC;The Cappadocian high clan of vampires;;;;;;;;;;;;;x
salubri_high;Salubri;;;;;;;;;;;;;x
salubri_high_DESC;The Salubri high clan of vampires;;;;;;;;;;;;;x
ashirra_vampire_group;Ashirra;;;;;;;;;;;;;x
ashirra;Ashirra;;;;;;;;;;;;;x
ashirra_DESC;Islamic vampires;;;;;;;;;;;;;x
assamite;Assamite;;;;;;;;;;;;;x
assamite_DESC;Banu Haqim;;;;;;;;;;;;;x
vampire_low_clans_group;Low Clans;;;;;;;;;;;;;x
vampire_low_clans;Low Clans;;;;;;;;;;;;;x
vampire_low_clans_DESC;The rabble vampire clans of Europe: Gangrel, Malkavian and Nosferatu;;;;;;;;;;;;;x
anarchs;Anarchs;;;;;;;;;;;;;x
anarchs_DESC;Vampire rebels against their established order;;;;;;;;;;;;;x
vampire_promethean;Promethean;;;;;;;;;;;;;x
vampire_promethean_DESC;Vampire Brujah who want to recreate Carthage where kindred and kine live in harmony;;;;;;;;;;;;;x
furores;Furores;;;;;;;;;;;;;x
furores_DESC;The angry ones; a covenant of vampires who have rebelled against their sires;;;;;;;;;;;;;x
tremerelow;Tremere;;;;;;;;;;;;;x
tremerelow_DESC;Warlocks who have become vampires through sorcery;;;;;;;;;;;;;x
anda;Anda;;;;;;;;;;;;;x
anda_DESC;Scions of Itügen. The Gangrel bloodline of Dobrul the Brave, found among Mongols and other Altaic peoples;;;;;;;;;;;;;x 
einherjar;Einherjar;;;;;;;;;;;;;x
einherjar_DESC;Odin's brood, the All-High's chosen warriors of Ragnarok, Norse Gangrel vampires;;;;;;;;;;;;;x
noiad;Noiad;;;;;;;;;;;;;x
noiad_DESC;Children of the Midnight Sun, Gangrel vampires among the Finnish and Uguric peoples;;;;;;;;;;;;;x
baali_group;Baali;;;;;;;;;;;;;x
baali;Baali;;;;;;;;;;;;;x
baali;Devil-worshipping vampires;;;;;;;;;;;;;x
masquerade_camarilla_group;The Camarilla;;;;;;;;;;;;;x
masquerade_camarilla;The Camarilla;;;;;;;;;;;;;x
masquerade_camarilla_DESC;Not all Camarilla vampires are of the seven clans;;;;;;;;;;;;;x
brujahcamarilla;Brujah;;;;;;;;;;;;;x
brujahcamarilla_DESC;Brujah of the Camarilla;;;;;;;;;;;;;x
gangrelcamarilla;Gangrel;;;;;;;;;;;;;x
gangrelcamarilla_DESC;Gangrel of the Camarilla;;;;;;;;;;;;;x
malkaviancamarilla;Malkavian;;;;;;;;;;;;;x
malkaviancamarilla_DESC;Malkavian of the Camarilla;;;;;;;;;;;;;x
nosferatucamarilla;Nosferatu;;;;;;;;;;;;;x
nosferatucamarilla_DESC;Nosferatu of the Camarilla;;;;;;;;;;;;;x
toreadorcamarilla;Toreador;;;;;;;;;;;;;x
toreadorcamarilla_DESC;Toreador of the Camarilla;;;;;;;;;;;;;x
tremerecamarilla;Tremere;;;;;;;;;;;;;x
tremerecamarilla_DESC;Tremere of the Camarilla;;;;;;;;;;;;;x
ventruecamarilla;Ventrue;;;;;;;;;;;;;x
ventruecamarilla_DESC;Ventrue of the Camarilla;;;;;;;;;;;;;x
JUSTICAR;Justicar;;;;;;;;;;;;;x
JUSTICAR_female;Justicar;;;;;;;;;;;;;x
SERAPH;Seraph;;;;;;;;;;;;;x
SERAPH_female;Seraph;;;;;;;;;;;;;x
d_brujahjusticar;Clan Brujah;;;;;;;;;;;;;x
d_gangreljusticar;Clan Gangrel;;;;;;;;;;;;;x
d_malkavianjusticar;Clan Malkavian;;;;;;;;;;;;;x
d_nosferatujusticar;Clan Nosfeartu;;;;;;;;;;;;;x
d_toreadorjusticar;Clan Toreador;;;;;;;;;;;;;x
d_tremerejusticar;Clan Tremere;;;;;;;;;;;;;x
d_ventruejusticar;Clan Ventrue;;;;;;;;;;;;;x
d_sabbatblackhand;the Black Hand;;;;;;;;;;;;;x
sabbat_group;Sabbat;;;;;;;;;;;;;x
sabbat;Sabbat;;;;;;;;;;;;;x
sabbat_DESC;The Sword of Caine, formed by anarchs who refused to submit to the Camarilla;;;;;;;;;;;;;x
inconnu_group;Inconnu;;;;;;;;;;;;;x
inconnu;Inconnu;;;;;;;;;;;;;x
inconnu_DESC;The hidden ones, a reclusive sect of Roman vampires;;;;;;;;;;;;;x
oradealeague;Oradea;;;;;;;;;;;;;x
oradealeague_DESC;The Oradea League is made up of Old Clan Tzimisce who refuse to join the Sabbat or the Camarilla;;;;;;;;;;;;;x
masquerade_independent_group;Independent Clans;;;;;;;;;;;;;x
giovanni;Giovanni;;;;;;;;;;;;;x
giovanni_DESC;Necromancers;;;;;;;;;;;;;x
setite;Setite;;;;;;;;;;;;;x
setite_DESC;The Followers of Set;;;;;;;;;;;;;x
mayaparisataya;Mayaparisataya;;;;;;;;;;;;;x
mayaparisataya_DESC;The Ravnos Path of Paradox;;;;;;;;;;;;;x
autarkis;Autarkis;;;;;;;;;;;;;x
autarkis_DESC;Vampires outside of sect or clan;;;;;;;;;;;;;x
mortifiers_of_flesh;Mortifiers of Flesh;;;;;;;;;;;;;;x
mortifiers_of_flesh_DESC;Mortifiers of Flesh;;;;;;;;;;;;;;x
garou_group;Garou;;;;;;;;;;;;;x
wyrm_group;Servants of the Wyrm;;;;;;;;;;;;;x
silver_fangs;Silver Fangs;;;;;;;;;;;;;x
silver_fangs_DESC;Alphas of the Garou Nation;;;;;;;;;;;;;x
black_furies;Black Furies;;;;;;;;;;;;;x
black_furies_DESC;Greek Amazonian warriors;;;;;;;;;;;;;x
stargazers;Stargazers;;;;;;;;;;;;;x
stargazers_DESC;Mystical werewolves of India;;;;;;;;;;;;;x
red_talons;Red Talons;;;;;;;;;;;;;x
red_talons_DESC;Beastial werewolves who want no company with man;;;;;;;;;;;;;x
get_of_fenris;Get of Fenris;;;;;;;;;;;;;x
get_of_fenris_DESC;Norse warrior werewolves;;;;;;;;;;;;;x
fianna;Fianna;;;;;;;;;;;;;x
fianna_DESC;Celtic werewolves;;;;;;;;;;;;;x
white_howlers;White Howlers;;;;;;;;;;;;;x
white_howlers_DESC;Pictish werewolves;;;;;;;;;;;;;x
silent_striders;Silent Striders;;;;;;;;;;;;;x 
silent_striders_DESC;Banished from Egypt by the curse of Sutekh, these werewolves wander the deserts;;;;;;;;;;;;;x 
warders_of_men;Warders of Men;;;;;;;;;;;;;x  
warders_of_men_DESC;Town dwelling werewolves;;;;;;;;;;;;;x  
glass_walkers;Glass Walkers;;;;;;;;;;;;;x  
glass_walkers_DESC;City-dwelling werewolves;;;;;;;;;;;;;x  
bone_gnawers;Bone Gnawers;;;;;;;;;;;;;x 
bone_gnawers_DESC;Mongrel werewolves found in city slums ;;;;;;;;;;;;;x 
shadow_lords;Shadow Lords;;;;;;;;;;;;;x 
shadow_lords_DESC;Spread from the Eurasian Steppes to the lands of Hungary, Slavs and the Balkans;;;;;;;;;;;;;x 
black_spiral_dancers;Black Spiral Dancers;;;;;;;;;;;;;x
black_spiral_dancers_DESC;Wyrm-corrupted werewolves;;;;;;;;;;;;;x
mage_group;Mage;;;;;;;;;;;;;;x
magicka;Magicka;;;;;;;;;;;;;;x
magicka_DESC;Magicka;;;;;;;;;;;;;;x
nameless_mage;Nameless;;;;;;;;;;;;;x
nameless_mage_DESC;The Nameless are a collection of factions and cabals of apostates that refused the authority of the Diamond Orders and rebelled against them. After making peace, the Nameless then formed the Free Council, turning the Diamond into a Pentacle. Most of the Nameless who did not join the Free Council were destroyed, though many pockets remain.;;;;;;;;;;;;;x
adamantine_arrow;Adamantine Arrow;;;;;;;;;;;;;x
adamantine_arrow_DESC;The Adamantine Arrow are an order of mages that claim descent from members of the Ungula Draconis (Claw of the Dragon) who protected the shards of fallen Atlantis. They are the most militaristic of the Diamond Orders and act as defenders to the legitimate heirs of Atlantis.;;;;;;;;;;;;;x
guardians_of_the_veil;Guardians of the Veil;;;;;;;;;;;;;x
guardians_of_the_veil_DESC;The Guardians of the Veil are an order of mages that claim descent from members of the Visus Draconis (Eye of the Dragon). They act as the enforcers, secret police, and spies for the Lex Magica and Consilii that hold its tenets.;;;;;;;;;;;;;x
mysterium;Mysterium;;;;;;;;;;;;;x
mysterium_DESC;The Mysterium are an order of mages that claim descent from members of the Alae Draconis (Dragon's Wing), the research and development branch of Atlantean society. Now they seek to reclaim the lore lore of the world and remember the lessons of fallen Atlantis.;;;;;;;;;;;;;x
silver_ladder;Silver Ladder;;;;;;;;;;;;;x
silver_ladder_DESC;The Silver Ladder are an order of mages that claim descent from Atlantean priests and viziers known as the Vox Draconis (Dragon's Voice). They believe in mankind's inherent right to divinity and magic.;;;;;;;;;;;;;x
thanatoic;Thanatoic;;;;;;;;;;;;;x
thanatoic_DESC;Thanatoic;;;;;;;;;;;;;x
praetorian;Praetorian;;;;;;;;;;;;;x
praetorian_DESC;Praetorian;;;;;;;;;;;;;x
mammon;Mammon;;;;;;;;;;;;;x
mammon_DESC;Mammon, the Feeder of Greed or Gushasu-Nihur, is one of the nine Maeljin (powerful spirits who rule over a plane of spirits known as the Shadow). He appears as a skeletal angel with pale skin and bat wings. He plagues any Cahalith near his Wounds with visions of want and hunger.;;;;;;;;;;;;;x
paternoster;Paternoster;;;;;;;;;;;;;x
paternoster_DESC;The Father is one of the four Archigenitor Exarchs, the main rulers of the Fallen World. He grants his servants power over Doctrine and his Ministry is Paternoster. The Father is the Exarch of Prime and is considered by his followers to be the origin of revealed religion.;;;;;;;;;;;;;x
panopticon;Panopitcon;;;;;;;;;;;;;x
panopticon_DESC;Panopitcon is an organization of technocrats created by Control itself. It's main purpose is to enforce Control's directives and keep the Traditions (the Technocrats' rivals) fractured and broken. A secondary task is the silent enforcement of the assimilation of reality and the destruction of threatening Reality Deviants.;;;;;;;;;;;;;x
scelesti;Scelesti;;;;;;;;;;;;;x
scelesti_DESC;The Scelesti, or the Accursed, are mages who chose to gain power through service to the Abyss, their souls tainted by allowing the void to merge with them. Due to this, they are often perceived as mad and often executed.;;;;;;;;;;;;;x
pharmakons;Pharmakons;;;;;;;;;;;;;x
pharmakons_DESC;Pharmakons;;;;;;;;;;;;;x
timori;Timori;;;;;;;;;;;;;x
timori_DESC;The Timori are mages that steal mana from other mages in order to become immortal. This has the disadvantage of causing an intense addiction and turning them into living corpses.;;;;;;;;;;;;;x
orphan;Orphan;;;;;;;;;;;;;x
orphan_DESC;An Orphan is a mage who has learned magic without a formal tutor. They are often prejudiced as loose cannons and threats to those around them.;;;;;;;;;;;;;x
valdaermen;Valdaermen;;;;;;;;;;;;;x
valdaermen_DESC;The Valdaermen are Nordic practitioners of rune magic.;;;;;;;;;;;;;x
order_of_hermes;Order of Hermes;;;;;;;;;;;;;x
order_of_hermes_DESC;The Order of Hermes is one of the pillars of the Traditions. They were Founded in 767 in an event known as the Pax Hermetica. Obsessed with perfection, they are easily the most hierarchical and prestigious of the Traditions.;;;;;;;;;;;;;x
messianic_voices;Messianic Voices;;;;;;;;;;;;;x
messianic_voices_DESC;The Messianic Voices' paradigm was built on a Foundation of Divinity (Relationship to the Divine), which empowered the Singers to call on the aid of four Archangels.;;;;;;;;;;;;;x
mithraic_singers;Mithraic Singers;;;;;;;;;;;;;x
mithraic_singers_DESC;Mithraic Singers;;;;;;;;;;;;;x
daedalan_cabal_of_pure_thought;Cabal of Pure Thought;;;;;;;;;;;;;x
daedalan_cabal_of_pure_thought_DESC;Cabal of Pure Thought;;;;;;;;;;;;;x
argonauts;Argonauts;;;;;;;;;;;;;x
argonauts_DESC;Argonauts;;;;;;;;;;;;;x
collegium_astrologia;Collegium Astrologia;;;;;;;;;;;;;x
collegium_astrologia_DESC;Collegium Astrologia;;;;;;;;;;;;;x
brotherhood_of_the_rule;Brotherhood of The Rule;;;;;;;;;;;;;x
brotherhood_of_the_rule_DESC;Brotherhood of The Rule;;;;;;;;;;;;;x
collegium_praecepti;Collegium Praecepti;;;;;;;;;;;;;x
collegium_praecepti_DESC;Collegium Praecepti;;;;;;;;;;;;;x
cosian_circle;Cosian Circle;;;;;;;;;;;;;x
cosian_circle_DESC;Cosian Circle;;;;;;;;;;;;;x
nif_ur_en_daah;Nif'ur en'Daah;;;;;;;;;;;;;x
nif_ur_en_daah_DESC;The Nif'ur en'Daah (Eaters of the Weak) are an Infernalist sect of mages.;;;;;;;;;;;;;x
marauders;Marauders;;;;;;;;;;;;;x
marauders_DESC;Marauders;;;;;;;;;;;;;x
ixoi;Ixoi;;;;;;;;;;;;;x
ixoi_DESC;Ixoi;;;;;;;;;;;;;x
aeduna;Aeduna;;;;;;;;;;;;;x
aeduna_DESC;Aeduna;;;;;;;;;;;;;x
spirit-talkers;Spirit-Talkers;;;;;;;;;;;;;x
spirit-talkers_DESC;Spirit-Talkers;;;;;;;;;;;;;x
ahl-i-batin;Ahl-i-Batin;;;;;;;;;;;;;x
ahl-i-batin_DESC;Ahl-i-Batin;;;;;;;;;;;;;x
taftani;Taftani;;;;;;;;;;;;;x
taftani_DESC;Taftani;;;;;;;;;;;;;x
kitab_al-alacir;Kitab al-Alacir;;;;;;;;;;;;;x
kitab_al-alacir_DESC;Kitab al-Alacir;;;;;;;;;;;;;x
mokteshaf_al-nour;Mokteshaf al-Nour;;;;;;;;;;;;;x
mokteshaf_al-nour_DESC;Mokteshaf al-Nour;;;;;;;;;;;;;x
sahajiya;Sahajiya;;;;;;;;;;;;;x
sahajiya_DESC;Sahajiya;;;;;;;;;;;;;x
lions_of_zion;Lions of Zion;;;;;;;;;;;;;x
lions_of_zion_DESC;Lions of Zion;;;;;;;;;;;;;x
chakravanti;Chakravanti;;;;;;;;;;;;;x
chakravanti_DESC;Chakravanti;;;;;;;;;;;;;x
akashayana;Akashayana;;;;;;;;;;;;;x
akashayana_DESC;Akashayana;;;;;;;;;;;;;x
verbenae;Verbenae;;;;;;;;;;;;;x
verbenae_DESC;Verbenae;;;;;;;;;;;;;x
choeur_celeste;Choeur Celeste;;;;;;;;;;;;;x
choeur_celeste_DESC;Choeur Celeste;;;;;;;;;;;;;x
cabal_of_pure_thought;Cabal of Pure Thought;;;;;;;;;;;;;x
cabal_of_pure_thought_DESC;Cabal of Pure Thought;;;;;;;;;;;;;x
high_guild;High Guild;;;;;;;;;;;;;x
high_guild_DESC;High Guild;;;;;;;;;;;;;x
void_seekers;Void Seekers;;;;;;;;;;;;;x
void_seekers_DESC;Void Seekers;;;;;;;;;;;;;x
celestial_masters;Celestial Masters;;;;;;;;;;;;;x
celestial_masters_DESC;Celestial Masters;;;;;;;;;;;;;x
craftmasons;Craftmasons;;;;;;;;;;;;;x
craftmasons_DESC;Craftmasons;;;;;;;;;;;;;x
artificers;Artificers;;;;;;;;;;;;;x
artificers_DESC;Artificers;;;;;;;;;;;;;x
hippocratic_circle;Hippocratic Circle;;;;;;;;;;;;;x
hippocratic_circle_DESC;Hippocratic Circle;;;;;;;;;;;;;x
solificati;Solificati;;;;;;;;;;;;;x
solificati_DESC;Solificati;;;;;;;;;;;;;x
nephandi;Nephandi;;;;;;;;;;;;;x
nephandi_sect;Nephandi;;;;;;;;;;;;;x
knights_templar;Knights Templar;;;;;;;;;;;;;x
knights_templar_DESC;Knights Templar;;;;;;;;;;;;;x
ksirafai;Ksirafai;;;;;;;;;;;;;x
ksirafai_DESC;Ksirafai;;;;;;;;;;;;;x
natural_philosophers_guild;Natural Philosophers Guild;;;;;;;;;;;;;x
natural_philosophers_guild_DESC;Natural Philosophers Guild;;;;;;;;;;;;;x
sons_of_tengri;Sons of Tengri;;;;;;;;;;;;;x
sons_of_tengri_DESC;Sons of Tengri;;;;;;;;;;;;;x
seers_of_chronus;Seers of Chronus;;;;;;;;;;;;;x
seers_of_chronus_DESC;Seers of Chronus;;;;;;;;;;;;;x
changeling_group;Changeling;;;;;;;;;;;;;;x
demon_group;Demon;;;;;;;;;;;;;;x
geist_group;Geist;;;;;;;;;;;;;;x
mummy_group;Mummy;;;;;;;;;;;;;;x
promethean_group;Promethean;;;;;;;;;;;;;;x
innocent_group;Innocent Mortals;;;;;;;;;;;;;;x
GOD_LONGINUS;Longinus;;;;;;;;;;;;;;x
GOD_THE_ADVERSARY;The Adversary;;;;;;;;;;;;;;x
TESTAMENT_OF_LONGINUS;Testament of Longinus;;;;;;;;;;;;;;x
JYHAD;Jyhad;;;;;;;;;;;;;;x
HOLY_WAR;Covenant War;;;;;;;;;;;;;;x
VOIVODE_OF_VOIVODES;Voivode of Voivodes;;;;;;;;;;;;;x
LEGEND;Legend;;;;;;;;;;;;;x
THE_ALL_HIGH;The All High;;;;;;;;;;;;;x
CRONE;Crone;;;;;;;;;;;;;x
CRUSADER_SAINT;Crusader Saint;;;;;;;;;;;;;x
GOD_LUNA;Luna;;;;;;;;;;;;;;x
GOD_THE_WYRM;The Wyrm;;;;;;;;;;;;;;x
GOD_FATHER_WOLF;Father Wolf;;;;;;;;;;;;;;x
order_of_reason_group;Order of Reason;;;;;;;;;;;;;;
order_of_reason_group_desc;Order of Reason;;;;;;;;;;;;;;
natural_philosphers_guild;Natural Philosphers Guild;;;;;;;;;;;;;;
natural_philosphers_guild_desc;Natural Philosphers Guild;;;;;;;;;;;;;;
daedalan_group;Daedalan Group;;;;;;;;;;;;;;
daedalan_group_desc;Daedalan Group;;;;;;;;;;;;;;
daedalan_craftmason;Daedalan Craftmason;;;;;;;;;;;;;;
daedalan_craftmason_desc;Daedalan Craftmason;;;;;;;;;;;;;;
daedalan;Daedalan;;;;;;;;;;;;;;
daedalan_desc;Daedalan;;;;;;;;;;;;;;
magical_traditions_group;Magical Traditions;;;;;;;;;;;;;;
magical_traditions_group_desc;Magical Traditions;;;;;;;;;;;;;;
sons_of_ether;Sons of Ether;;;;;;;;;;;;;;
sons_of_ether_desc;Sons of Ether;;;;;;;;;;;;;;
cult_of_mercury;Cult of Mercury;;;;;;;;;;;;;;
cult_of_mercury_desc;Cult of Mercury;;;;;;;;;;;;;;
verbena;Verbena;;;;;;;;;;;;;;
verbena_desc;Verbena;;;;;;;;;;;;;;
the_old_faith;The Old Faith;;;;;;;;;;;;;;
the_old_faith_desc;The Old Faith;;;;;;;;;;;;;;
dream_speakers;Dream Speakers;;;;;;;;;;;;;;
dream_speakers_desc;Dream Speakers;;;;;;;;;;;;;;
euthanatos;Euthanatos;;;;;;;;;;;;;;
euthanatos_desc;Euthanatos;;;;;;;;;;;;;;
seers_of_chronos;Seers of Chronos;;;;;;;;;;;;;;
seers_of_chronos_desc;Seers of Chronos;;;;;;;;;;;;;;
cult_of_ecstasy;Cult of Ecstasy;;;;;;;;;;;;;;
cult_of_ecstasy_desc;Cult of Ecstasy;;;;;;;;;;;;;;
celestial_chorus;Celestial Chorus;;;;;;;;;;;;;;
celestial_chorus_desc;Celestial Chorus;;;;;;;;;;;;;;
vampire_high_clans_group;High Clans;;;;;;;;;;;;;;
vampire_high_clans_group_desc;High Clans;;;;;;;;;;;;;;
revenant_high_clans;Revenant High Clans;;;;;;;;;;;;;;
revenant_high_clans_desc;Revenant High Clans;;;;;;;;;;;;;;
revenant_ashirra;Revenant Ashirra;;;;;;;;;;;;;;
revenant_ashirra_desc;Revenant Ashirra;;;;;;;;;;;;;;
revenant_assamite;Revenant Assamite;;;;;;;;;;;;;;
revenant_assamite_desc;Revenant Assamite;;;;;;;;;;;;;;
revenant_anarchs;Revenant Anarchs;;;;;;;;;;;;;;
revenant_anarchs_desc;Revenant Anarchs;;;;;;;;;;;;;;
revenant_promethean;Revenant Promethean;;;;;;;;;;;;;;
revenant_promethean_desc;Revenant Promethean;;;;;;;;;;;;;;
revenant_autarkis;Revenant Autarkis;;;;;;;;;;;;;;
revenant_autarkis_desc;Revenant Autarkis;;;;;;;;;;;;;;
revenant_furores;Revenant Furores;;;;;;;;;;;;;;
revenant_furores_desc;Revenant Furores;;;;;;;;;;;;;;
revenant_low_clans;Revenant Low Clans;;;;;;;;;;;;;;
revenant_low_clans_desc;Revenant Low Clans;;;;;;;;;;;;;;
revenant_baali;Revenant Baali;;;;;;;;;;;;;;
revenant_baali_desc;Revenant Baali;;;;;;;;;;;;;;
revenant_masquerade_camarilla;Revenant Masquerade Camarilla;;;;;;;;;;;;;;
revenant_masquerade_camarilla_desc;Revenant Masquerade Camarilla;;;;;;;;;;;;;;
revenant_sabbat;Revenant Sabbat;;;;;;;;;;;;;;
revenant_sabbat_desc;Revenant Sabbat;;;;;;;;;;;;;;
revenant_inconnu;Revenant Inconnu;;;;;;;;;;;;;;
revenant_inconnu_desc;Revenant Inconnu;;;;;;;;;;;;;;
revenant_giovanni;Revenant Giovanni;;;;;;;;;;;;;;
revenant_giovanni_desc;Revenant Giovanni;;;;;;;;;;;;;;
revenant_setite;Revenant Setite;;;;;;;;;;;;;;
revenant_setite_desc;Revenant Setite;;;;;;;;;;;;;;
revenant_mayaparisataya;Revenant Mayaparisataya;;;;;;;;;;;;;;
revenant_mayaparisataya_desc;Revenant Mayaparisataya;;;;;;;;;;;;;;
seasons_courts_group;Seasons Courts;;;;;;;;;;;;;;
seasons_courts_group_desc;Seasons Courts;;;;;;;;;;;;;;
diurnal_courts_group;Diurnal Courts;;;;;;;;;;;;;;
diurnal_courts_group_desc;Diurnal Courts;;;;;;;;;;;;;;
auroral_courts_group;Auroral Courts;;;;;;;;;;;;;;
auroral_courts_group_desc;Auroral Courts;;;;;;;;;;;;;;
directional_courts_group;Directional Courts;;;;;;;;;;;;;;
directional_courts_group_desc;Directional Courts;;;;;;;;;;;;;;
spring_court;Spring Court;;;;;;;;;;;;;;
spring_court_desc;Spring Court;;;;;;;;;;;;;;
summer_court;Summer Court;;;;;;;;;;;;;;
summer_court_desc;Summer Court;;;;;;;;;;;;;;
autumn_court;Autumn Court;;;;;;;;;;;;;;
autumn_court_desc;Autumn Court;;;;;;;;;;;;;;
winter_court;Winter Court;;;;;;;;;;;;;;
winter_court_desc;Winter Court;;;;;;;;;;;;;;
tornado_court;Tornado Court;;;;;;;;;;;;;;
tornado_court_desc;Tornado Court;;;;;;;;;;;;;;
growing_court;Growing Court;;;;;;;;;;;;;;
growing_court_desc;Growing Court;;;;;;;;;;;;;;
dead_court;Dead Court;;;;;;;;;;;;;;
dead_court_desc;Dead Court;;;;;;;;;;;;;;
monsoon_court;Monsoon Court;;;;;;;;;;;;;;
monsoon_court_desc;Monsoon Court;;;;;;;;;;;;;;
dry_court;Dry Court;;;;;;;;;;;;;;
dry_court_desc;Dry Court;;;;;;;;;;;;;;
sun_court;Sun Court;;;;;;;;;;;;;;
sun_court_desc;Sun Court;;;;;;;;;;;;;;
moon_court;Moon Court;;;;;;;;;;;;;;
moon_court_desc;Moon Court;;;;;;;;;;;;;;
dawn_court;Dawn Court;;;;;;;;;;;;;;
dawn_court_desc;Dawn Court;;;;;;;;;;;;;;
dusk_court;Dusk Court;;;;;;;;;;;;;;
dusk_court_desc;Dusk Court;;;;;;;;;;;;;;
north_court;North Court;;;;;;;;;;;;;;
north_court_desc;North Court;;;;;;;;;;;;;;
east_court;East Court;;;;;;;;;;;;;;
east_court_desc;East Court;;;;;;;;;;;;;;
south_court;South Court;;;;;;;;;;;;;;
south_court_desc;South Court;;;;;;;;;;;;;;
west_court;West Court;;;;;;;;;;;;;;
west_court_desc;West Court;;;;;;;;;;;;;;
diamond_group;Diamond Group;;;;;;;;;;;;;;
diamond_group_desc;Diamond Group;;;;;;;;;;;;;;
pyramid_group;Pyramid Group;;;;;;;;;;;;;;
pyramid_group_desc;Pyramid Group;;;;;;;;;;;;;;
seeers_of_the_throne;Seers of the Throne;;;;;;;;;;;;;;
seeers_of_the_throne_desc;Seers of the Throne;;;;;;;;;;;;;;
hegemonic;Hegemonic;;;;;;;;;;;;;;
hegemonic_desc;Hegemonic;;;;;;;;;;;;;;
apostates_group;Apostates;;;;;;;;;;;;;;
apostates_group_desc;Apostates;;;;;;;;;;;;;;
timori_group;Timori;;;;;;;;;;;;;;
timori_group_desc;Timori;;;;;;;;;;;;;;
scelesti_group;Scelesti;;;;;;;;;;;;;;
scelesti_group_desc;Scelesti;;;;;;;;;;;;;;
pharmakons_group;Pharmakons;;;;;;;;;;;;;;
pharmakons_group_desc;Pharmakons;;;;;;;;;;;;;;
ordo_dracul;Ordo Dracul;;;;;;;;;;;;;;
ordo_dracul_desc;Ordo Dracul;;;;;;;;;;;;;;
revenant_longinus;Revenant Longinus;;;;;;;;;;;;;;
revenant_longinus_desc;Revenant Longinus;;;;;;;;;;;;;;
revenant_abrahamic;Revenant Abrahamic;;;;;;;;;;;;;;
revenant_abrahamic_desc;Revenant Abrahamic;;;;;;;;;;;;;;
shedim;Shedim;;;;;;;;;;;;;;
shedim_desc;Shedim;;;;;;;;;;;;;;
carthian;Carthian;;;;;;;;;;;;;;
carthian_desc;Carthian;;;;;;;;;;;;;;
aka_manah;Aka Manah;;;;;;;;;;;;;;
aka_manah_desc;Aka Manah;;;;;;;;;;;;;;
revenant_aka_manah;Revenant Aka Manah;;;;;;;;;;;;;;
revenant_aka_manah_desc;Revenant Aka Manah;;;;;;;;;;;;;;
revenant-dharma;Revenant-Dharma;;;;;;;;;;;;;;
revenant-dharma_desc;Revenant-Dharma;;;;;;;;;;;;;;
revenant_camarilla;Revenant Camarilla;;;;;;;;;;;;;;
revenant_camarilla_desc;Revenant Camarilla;;;;;;;;;;;;;;
revenant_unaligned;Revenant Unaligned;;;;;;;;;;;;;;
revenant_unaligned_desc;Revenant Unaligned;;;;;;;;;;;;;;