awoken_from_torpor;Awoken from Torpor;;;;;;;;;;;;;x
opinion_blood_bond_to_domitor;Blood Bond;;;;;;;;;;;;x
opinion_blood_bond_to_domitor_desc;A blood bond to the Domitor.  Rarely broken, this bond of kindred vitae makes the thrall adore their Domitor.;;;;;;;;;;;;x
opinion_blood_bond_to_domitor_ghoul;Blood Bond;;;;;;;;;;;;x
opinion_blood_bond_to_domitor_ghoul_desc;A blood bond to the Domitor.  Rarely broken, this bond of kindred vitae makes the thrall adore their Domitor.;;;;;;;;;;;;x
opinion_rejected_by_domitor;Rejected by Domitor.;;;;;;;;;;;;x
opinion_rejected_by_domitor_desc;This ghoul no longer receives vitae from their Domitor.  This slightly weakens the blood bond, but does not break it.;;;;;;;;;;;;x
opinion_entranced;Entranced;;;;;;;;;;;;;x
opinion_entranced_desc;This individual has become entranced by the majestic presence of a vampire.;;;;;;;;;;;;;x
bloodpotency_1;Blood Potency I;;;;;;;;;;;;;x
bloodpotency_2;Blood Potency II;;;;;;;;;;;;;x
bloodpotency_3;Blood Potency III;;;;;;;;;;;;;x
bloodpotency_4;Blood Potency IV;;;;;;;;;;;;;x
bloodpotency_5;Blood Potency V;;;;;;;;;;;;;x
bloodpotency_1_desc;The innate, mystical power concentrated in dead veins.  It grows over time or through diablerie;;;;;;;;;;;;;x
bloodpotency_2_desc;The innate, mystical power concentrated in dead veins.  It grows over time or through diablerie;;;;;;;;;;;;;x
bloodpotency_3_desc;The innate, mystical power concentrated in dead veins.  It grows over time or through diablerie;;;;;;;;;;;;;x
bloodpotency_4_desc;The innate, mystical power concentrated in dead veins.  It grows over time or through diablerie;;;;;;;;;;;;;x
bloodpotency_5_desc;The innate, mystical power concentrated in dead veins.  It grows over time or through diablerie;;;;;;;;;;;;;x
bloodpotency_6;Blood Potency VI;;;;;;;;;;;;;x
bloodpotency_7;Blood Potency VII;;;;;;;;;;;;;x
bloodpotency_8;Blood Potency VIII;;;;;;;;;;;;;x
bloodpotency_9;Blood Potency IX;;;;;;;;;;;;;x
bloodpotency_10;Blood Potency X;;;;;;;;;;;;;x
bloodpotency_6_desc;The innate, mystical power concentrated in dead veins.  It grows over time or through diablerie;;;;;;;;;;;;;x
bloodpotency_7_desc;The innate, mystical power concentrated in dead veins.  It grows over time or through diablerie;;;;;;;;;;;;;x
bloodpotency_8_desc;The innate, mystical power concentrated in dead veins.  It grows over time or through diablerie;;;;;;;;;;;;;x
bloodpotency_9_desc;The innate, mystical power concentrated in dead veins.  It grows over time or through diablerie;;;;;;;;;;;;;x
bloodpotency_10_desc;The innate, mystical power concentrated in dead veins.;;;;;;;;;;;;;x
vampgeneration1;1st Vampire Genaration;;;;;;;;;;;;;x
vampgeneration1_desc;Caine! The first vampire!;;;;;;;;;;;;;x
vampgeneration2;2nd Vampire Genaration;;;;;;;;;;;;;x
vampgeneration2_desc;Did you survive Great Flood?;;;;;;;;;;;;;x
vampgeneration3;3rd;;;;;;;;;;;;;x
vampgeneration3_desc;Antediluvian, fouder of clan.;;;;;;;;;;;;;x
vampgeneration4;4th;;;;;;;;;;;;;x
vampgeneration4_desc;Methuselah. One of the most powerfull known vampires.;;;;;;;;;;;;;x
vampgeneration5;5th;;;;;;;;;;;;;x
vampgeneration5_desc;Methuselah. One of the most powerfull known vampires.;;;;;;;;;;;;;x
vampgeneration6;6th;;;;;;;;;;;;;x
vampgeneration6_desc;Powerfull vampire blood.;;;;;;;;;;;;;x
vampgeneration7;7th;;;;;;;;;;;;;x
vampgeneration7_desc;Powerfull vampire blood.;;;;;;;;;;;;;x
vampgeneration8;8th;;;;;;;;;;;;;x
vampgeneration8_desc;One of the most common vampire genaration.;;;;;;;;;;;;;x
vampgeneration9;9th;;;;;;;;;;;;;x
vampgeneration9_desc;One of the most common vampire genaration.;;;;;;;;;;;;;x
vampgeneration10;10th;;;;;;;;;;;;;x
vampgeneration10_desc;Young, not so powerfull blood.;;;;;;;;;;;;;x
vampgeneration11;11th;;;;;;;;;;;;;x
vampgeneration11_desc;Young, not so powerfull blood.;;;;;;;;;;;;;x
vampgeneration12;12th;;;;;;;;;;;;;x
vampgeneration12_desc;Very young, weak vampire blood.;;;;;;;;;;;;;x
vampgeneration13;13th;;;;;;;;;;;;;x
vampgeneration13_desc;Very young, weak vampire blood.;;;;;;;;;;;;;x
vampgeneration14;14th;;;;;;;;;;;;;x
vampgeneration14_desc;Thin-blooded, weak vampire.;;;;;;;;;;;;;x
vampgeneration15;15th;;;;;;;;;;;;;x
vampgeneration15_desc;Thin-blooded, weak vampire.;;;;;;;;;;;;;x
vampgeneration16;16th;;;;;;;;;;;;;x
vampgeneration16_desc;More mortal, then the vampire.;;;;;;;;;;;;;x
vampire_blood_thirst;Thirst for Kindred Vitae;;;;;;;;;;;;;x
vampire_blood_thirst_desc;Addicted to Vampire blood.;;;;;;;;;;;;;x
diablerize_vampire_prisoner_decision;Diablerize Vampire Prisoner;;;;;;;;;;;;;x
diablerize_vampire_prisoner_decision_desc;Drain the vampire prisoner till their soul is consumed.  The diablerist's aura shows the marks of diablerie.  If the victim had a higher blood potency than the diablerist, the diablerist's blood potency increases.;;;;;;;;;;;;;x
drain_prisoner_decision;Drain Prisoner;;;;;;;;;;;;;x
drain_prisoner_decision_desc;Drain a prisoner of all their blood--killing them. A cruel act.;;;;;;;;;;;;;x
drain_mortal_prisoner_decision;Drain Mortal;;;;;;;;;;;;;x
drain_mortal_prisoner_decision_desc;Drain a mortal vessel of all their blood.  The mortal dies.   A cruel act. ;;;;;;;;;;;;;x
drain_mortal_prisoner_decision_named;Drain Mortal;;;;;;;;;;;;;x
drain_wolf-blooded_prisoner_decision;Drain Wolf-Blooded;;;;;;;;;;;;;x
drain_wolf-blooded_prisoner_decision_desc;Drain a werewolf kinfolk mortal vessel of all their blood.  The mortal dies.   A cruel act. ;;;;;;;;;;;;;x
drain_werewolf_prisoner_decision;Drain Werewolf;;;;;;;;;;;;;x
drain_werewolf_prisoner_decision_desc;Drain a werewolf vessel of all their blood.  The werewolf dies.   A cruel act. ;;;;;;;;;;;;;x
drain_werewolf_prisoner_decision_named;Drain Werewolf;;;;;;;;;;;;;x
drain_mage_prisoner_decision;Drain Mage;;;;;;;;;;;;;x
drain_mage_prisoner_decision_desc;Drain a mage vessel of all their blood.  The mage dies.   A cruel act. ;;;;;;;;;;;;;x
drain_demon_prisoner_decision;Drain Demon;;;;;;;;;;;;;x
drain_demon_prisoner_decision_desc;Drain a demon vessel of all their blood.  The demon dies.   A cruel act. ;;;;;;;;;;;;;x
drain_geist_prisoner_decision;Drain Geist;;;;;;;;;;;;;x
drain_geist_prisoner_decision_desc;Drain a geist vessel of all their blood.  The geist is destroyed.   A cruel act. ;;;;;;;;;;;;;x
drain_changeling_prisoner_decision;Drain Changeling;;;;;;;;;;;;;x
drain_changeling_prisoner_decision_desc;Drain a changeling vessel of all their blood.  The changeling dies.   A cruel act. ;;;;;;;;;;;;;x
drain_mummy_prisoner_decision;Drain Mummy;;;;;;;;;;;;;x
drain_mummy_prisoner_decision_desc;Drain a mummy vessel of all their blood.  The mummy is destroyed.   A cruel act. ;;;;;;;;;;;;;x
drain_promethean_prisoner_decision;Drain Promethean;;;;;;;;;;;;;x
drain_promethean_prisoner_decision_desc;Drain a promethean vessel of all their blood.  The promethean is destroyed.   A cruel act. ;;;;;;;;;;;;;x
mass_ghoul_decision;Mass Ghoul;;;;;;;;;;;;;x
mass_ghoul_decision_desc;Use your vampiric blood to create a squad of ghoulish warriors.  This will raise your blood thirst. ;;;;;;;;;;;;;x
mass_embrace_decision;Mass Embrace;;;;;;;;;;;;;x
mass_embrace_decision_desc;Kill a group of mortals and raise them as your vampiric childer to use as war fodder.  This will raise your blood thirst greatly. ;;;;;;;;;;;;;x
vampire_blood_heal_wounded_decision;Heal Wound;;;;;;;;;;;;;x
vampire_blood_heal_wounded_decision_desc;Use your vampiric blood to heal your wound.  This will increase your thirst for blood.;;;;;;;;;;;;;x
vampire_blood_heal_severely_injured_decision;Heal Severe Injury;;;;;;;;;;;;;x
vampire_blood_heal_severely_injured_decision_desc;Use your vampiric blood to heal your severe injury.  This will increase your thirst for blood.;;;;;;;;;;;;;x
vampire_blood_heal_maiming_decision;Heal Maiming;;;;;;;;;;;;;x
vampire_blood_heal_maiming_decision_desc;Use your vampiric blood to heal your maimed body.  This will increase your thirst for blood.;;;;;;;;;;;;;x
vampire_blood_heal_blinded_decision;Heal Eyes;;;;;;;;;;;;;x
vampire_blood_heal_blinded_decision_desc;Use your vampiric blood to heal your blinded eyes.  This will increase your thirst for blood.;;;;;;;;;;;;;x
vampire_blood_heal_eunuch_decision;Heal Genetalia;;;;;;;;;;;;;x
vampire_blood_heal_eunuch_decision_desc;Use your vampiric blood to heal your genetalia.  This will increase your thirst for blood.;;;;;;;;;;;;;x
vampire_blood_heal_disfigured_decision;Heal Disfigurement;;;;;;;;;;;;;x
vampire_blood_heal_disfigured_decision_desc;Use your vampiric blood to heal your disfigured face.  This will increase your thirst for blood.;;;;;;;;;;;;;x
vampire_blood_heal_one_eyed_decision;Heal Eye;;;;;;;;;;;;;x
vampire_blood_heal_one_eyed_decision_desc;Use your vampiric blood to heal your damaged eye.  This will increase your thirst for blood.;;;;;;;;;;;;;x
vampire_blood_heal_one_handed_decision;Heal Hand;;;;;;;;;;;;;x
vampire_blood_heal_one_handed_decision_desc;Use your vampiric blood to heal your hand.  This will increase your thirst for blood.;;;;;;;;;;;;;x
vampire_blood_heal_one_legged_decision;Heal Leg;;;;;;;;;;;;;x
vampire_blood_heal_one_legged_decision_desc;Use your vampiric blood to heal your leg.  This will increase your thirst for blood.;;;;;;;;;;;;;x
vampire_blood_heal_mangled_decision;Heal Mangling;;;;;;;;;;;;;x
vampire_blood_heal_mangled_decision_desc;Use your vampiric blood to heal your mangled body.  This will increase your thirst for blood.;;;;;;;;;;;;;x
blood_of_mortal;Mortal blood;;;;;;;;;;;;;x
blood_of_wolf-blooded;Kinfolk blood;;;;;;;;;;;;x
blood_of_werewolf;Werewolf blood;;;;;;;;;;;;;x
blood_of_mage;Mage blood;;;;;;;;;;;;;x
blood_of_demon;Demon blood;;;;;;;;;;;;;x
blood_of_changeling;Changeling blood;;;;;;;;;;;;;x
blood_of_mummy;Mummy blood;;;;;;;;;;;;;x
blood_of_promethean;Promethean blood;;;;;;;;;;;;;x 
blood_of_geist;Geist blood;;;;;;;;;;;;;x
blood_of_revenant;Revenant blood;;;;;;;;;;;;;x
awaken_torpor_dynast_decision;Awaken Torpor Dynast;;;;;;;;;;;;;x
awaken_torpor_dynast_decision_desc;Use your vampiric blood to awaken a member of your dynasty in torpor.  This will increase your blood thirst but only a chance to awaken the vampire in torpor.;;;;;;;;;;;;;x
player_ghoul_decision;Ghoul Mortal;;;;;;;;;;;;;x
player_ghoul_decision_desc;Give some of your blood to a mortal, making them blood-bound thrall of a vampire. Creating a ghoul will cause your blood thirst to grow.;;;;;;;;;;;;;x
player_embrace_mortal_decision;Embrace Mortal;;;;;;;;;;;;;x
player_embrace_mortal_decision_desc;Turn a mortal human into a vampire.  They will have your clan and bloodline. Creating a vampiric spawn will cause your blood thirst to grow.;;;;;;;;;;;;;x
embrace_mortal_decision;Embrace Mortal;;;;;;;;;;;;;x
embrace_mortal_decision_desc;Turn a mortal human into a vampire.  They will have your clan and bloodline. Creating a vampiric spawn will cause your blood thirst to grow.;;;;;;;;;;;;;x
player_embrace_werewolf_decision;Embrace Werewolf;;;;;;;;;;;;;x
player_embrace_werewolf_decision_desc;Has a small chance of turning a werewolf into a vampire. They will have your clan and bloodline. Creating a vampiric spawn will cause your blood thirst to grow.;;;;;;;;;;;;;x
player_embrace_werewolf_decision_tooltip;Has a small chance of turning [Root.GetTitledFirstName] into an abomination, a terrifying vampire-werewolf hybrid. More often than not, however, it will only result in [Root.GetHerHis] death.;;;;;;;;;;;;;x
bloodbind_vampire_prisoner_decision;Bloodbind Vampire;;;;;;;;;;;;;x
bloodbind_vampire_prisoner_decision_desc;Bloodbind the vampire prisoner to you as domitor.  This thrall will desire to please you.  You feed your blood to your thrall over three nights to make the bond last for a milennia--this will cause your blood thirst to grow.;;;;;;;;;;;;;;x
blood_thirst;Blood Thirst;;;;;;;;;;;;;x
severe_blood_thirst;Severe Blood Thirst;;;;;;;;;;;;;x
dreadful_blood_thirst;Dreadful Blood Thirst;;;;;;;;;;;;;x
dire_blood_thirst;Dire Blood Thirst;;;;;;;;;;;;;x
wight;Wight;;;;;;;;;;;;;x
wight_desc;A wight is a vampire who have lost the entirety of their morals. They are, for all intents and purposes, the Beast within themselves. A character who has fallen to Wassail can never be saved or again played.;;;;;;;;;;;;;x
EVTDESC_POD_VAMPIRE_WIGHT;Your hunger is unquenchable!  You surrender to the Beast! You enter Wassail--your last frenzy. You become ravenous monster in constant frenzy.  You will be hunted until your last night.;;;;;;;;;;;;;x
EVTOPTA_POD_VAMPIRE_WIGHT;BLOOD!;;;;;;;;;;;;;x
EVTDESC_POD_VAMPIRE_BLOOD_THIRST1;Your hunger grows. You now have the Blood Thirst!;;;;;;;;;;;;;x
EVTOPTA_POD_BLOOD_THIRST1;You must have blood!;;;;;;;;;;;;;x
EVTDESC_POD_VAMPIRE_BLOOD_THIRST2;Your hunger grows. You now have the Severe Blood Thirst!;;;;;;;;;;;;;x
EVTOPTA_POD_BLOOD_THIRST2;Blood!;;;;;;;;;;;;;x
EVTDESC_POD_VAMPIRE_BLOOD_THIRST3;Your hunger grows. You now have the Dreadful Blood Thirst!;;;;;;;;;;;;;x
EVTOPTA_POD_BLOOD_THIRST3;Blood!;;;;;;;;;;;;;x
EVTDESC_POD_VAMPIRE_BLOOD_THIRST4;Your hunger grows. You now have the Dire Blood Thirst! You have a high chance of either falling into Torpor, or into Wassail and becoming a Wight!;;;;;;;;;;;;;x
EVTOPTA_POD_BLOOD_THIRST4;Blood!;;;;;;;;;;;;;x
EVTDESC_POD_VAMPIRE_BLOOD_THIRST5;The only thought you can think of is for your Dire Blood Thirst.  How much longer can this go on.  You are starving.  You fade in and out of consciouness--only to awaken near frenzy. You must have blood!;;;;;;;;;;;;;x
EVTOPTA_POD_BLOOD_THIRST5;Blood!;;;;;;;;;;;;;x
EVTDESC_POD_VAMPIRE_BLOOD_THIRST6;Your blood thirst decreases from direness.;;;;;;;;;;;;;x
EVTOPTA_POD_BLOOD_THIRST6;You must have blood!;;;;;;;;;;;;;x
EVTDESC_POD_VAMPIRE_BLOOD_THIRST7;Your blood thirst decreases in dread.;;;;;;;;;;;;;x
EVTOPTA_POD_BLOOD_THIRST7;You must have blood!;;;;;;;;;;;;;x
EVTDESC_POD_VAMPIRE_BLOOD_THIRST8;Your blood thirst decreases in severity..;;;;;;;;;;;;;x
EVTOPTA_POD_BLOOD_THIRST8;You must have blood!;;;;;;;;;;;;;x
EVTDESC_POD_VAMPIRE_BLOOD_THIRST9;Your thirst for blood is slaked..;;;;;;;;;;;;;x
EVTOPTA_POD_BLOOD_THIRST9;But for how long?;;;;;;;;;;;;;x
EVTDESC_POD_VAMPIRE_TORPOR1;Will you abidcate your titles? Will reliquinsh your holdings as Prince of the undead to your heirs? Will you give up your place in kindred society?  Will you go into hiding so that your enmies will not discover your torpid form? Will you seek the slumber of the ages?;;;;;;;;;;;;;x
EVTOPTA_POD_VAMPIRE_TORPOR1;Atlast! Rest!  What nightmares make come?;;;;;;;;;;;;;x
EVTOPTB_POD_VAMPIRE_TORPOR1;No!  Not this night!;;;;;;;;;;;;;x
EVTDESC_POD_VAMPIRE_TORPOR2;You fall into the deep sleep of the undead. How long will you hold to the edge of the abyss? Years? Decades? Cenutries?;;;;;;;;;;;;;x
EVTOPTA_POD_VAMPIRE_TORPOR2;Do I hear a whisper? I still thirst for blood.;;;;;;;;;;;;;x
EVTDESC_POD_VAMPIRE_UNIT_SPAWN1;Having found a group of men who seem servicable as a militia, you prepare to share with them your vampiric blood to bind their will to yours and enhance their strength.;;;;;;;;;;;;;x
EVTOPTA_POD_VAMPIRE_UNIT_SPAWN1;Serve me and be rewarded!;;;;;;;;;;;;;x
EVTOPTB_POD_VAMPIRE_UNIT_SPAWN1;They aren't worth the blood to me.;;;;;;;;;;;;;x
EVTDESC_POD_VAMPIRE_UNIT_SPAWN2;You come upon a group of mortals.  While most likely they will never be heirs to your dynasty, you have need of vampiric warriors who far exceed the abilities of humans.;;;;;;;;;;;;;x
EVTOPTA_POD_VAMPIRE_UNIT_SPAWN2;Arise and embrace the night, my childer!;;;;;;;;;;;;;x
EVTOPTB_POD_VAMPIRE_UNIT_SPAWN2;No, I will not bring damnation unto them.;;;;;;;;;;;;;x
EVTDESC_POD_VAMPIRE_BLOOD_HEAL1;You concentrate on your wound and begin to invoke the healing of the blood.  You feel the blood thirst growing inside you, the beast seeking to be unchained.;;;;;;;;;;;;;x
EVTOPTA_POD_VAMPIRE_BLOOD_HEAL1;Feel the power of the blood!;;;;;;;;;;;;;x
EVTOPTB_POD_VAMPIRE_BLOOD_HEAL1;No. I will survive as I am. For this night...;;;;;;;;;;;;;x
EVTDESC_POD_VAMPIRE_BLOOD_HEAL2;You concentrate on your maimed body and begin to invoke the healing of the blood.  You feel the blood thirst growing inside you, the beast seeking to be unchained.;;;;;;;;;;;;;x
EVTOPTA_POD_VAMPIRE_BLOOD_HEAL2;Feel the power of the blood!;;;;;;;;;;;;;x
EVTOPTB_POD_VAMPIRE_BLOOD_HEAL2;No. I will survive as I am. For this night...;;;;;;;;;;;;;x
EVTDESC_POD_VAMPIRE_BLOOD_HEAL3;You concentrate on your blinded eyes and begin to invoke the healing of the blood.  You feel the blood thirst growing inside you, the beast seeking to be unchained.;;;;;;;;;;;;;x
EVTOPTA_POD_VAMPIRE_BLOOD_HEAL3;Behold! I can see!;;;;;;;;;;;;;x
EVTOPTB_POD_VAMPIRE_BLOOD_HEAL3;No. I will survive as I am. For this night...;;;;;;;;;;;;;x
EVTDESC_POD_VAMPIRE_BLOOD_HEAL4;You concentrate on your genetalia and begin to invoke the healing of the blood.  You feel the blood thirst growing inside you, the beast seeking to be unchained.;;;;;;;;;;;;;x
EVTOPTA_POD_VAMPIRE_BLOOD_HEAL4;Hello Nurse!;;;;;;;;;;;;;x
EVTOPTB_POD_VAMPIRE_BLOOD_HEAL4;No. I will survive as I am. For this night...;;;;;;;;;;;;;x
EVTDESC_POD_VAMPIRE_BLOOD_HEAL5;You concentrate on your disfigured face and begin to invoke the healing of the blood.  You feel the blood thirst growing inside you, the beast seeking to be unchained.;;;;;;;;;;;;;x
EVTOPTA_POD_VAMPIRE_BLOOD_HEAL5;Looking good!;;;;;;;;;;;;;x
EVTOPTB_POD_VAMPIRE_BLOOD_HEAL5;No. I will survive as I am. For this night...;;;;;;;;;;;;;x
EVTDESC_POD_VAMPIRE_BLOOD_HEAL6;You concentrate on your severe wound and begin to invoke the healing of the blood.  You feel the blood thirst growing inside you, the beast seeking to be unchained.;;;;;;;;;;;;;x
EVTOPTA_POD_VAMPIRE_BLOOD_HEAL6;Feel the power of the blood!;;;;;;;;;;;;;x
EVTOPTB_POD_VAMPIRE_BLOOD_HEAL6;No. I will survive as I am. For this night...;;;;;;;;;;;;;x
EVTDESC_POD_VAMPIRE_BLOOD_HEAL7;You concentrate on your damaged eye and begin to invoke the healing of the blood.  You feel the blood thirst growing inside you, the beast seeking to be unchained.;;;;;;;;;;;;;x
EVTOPTA_POD_VAMPIRE_BLOOD_HEAL7;Feel the power of the blood!;;;;;;;;;;;;;x
EVTOPTB_POD_VAMPIRE_BLOOD_HEAL7;No. I will survive as I am. For this night...;;;;;;;;;;;;;x
EVTDESC_POD_VAMPIRE_BLOOD_HEAL8;You concentrate on your detached hand and begin to invoke the healing of the blood.  You feel the blood thirst growing inside you, the beast seeking to be unchained.;;;;;;;;;;;;;x
EVTOPTA_POD_VAMPIRE_BLOOD_HEAL8;Nothing shall escape my grasp!;;;;;;;;;;;;;x
EVTOPTB_POD_VAMPIRE_BLOOD_HEAL8;No. I will survive as I am. For this night...;;;;;;;;;;;;;x
EVTDESC_POD_VAMPIRE_BLOOD_HEAL9;You concentrate on severed leg and begin to invoke the healing of the blood.  You feel the blood thirst growing inside you, the beast seeking to be unchained.;;;;;;;;;;;;;x
EVTOPTA_POD_VAMPIRE_BLOOD_HEAL9;Place one foot in front of the other.;;;;;;;;;;;;;x
EVTOPTB_POD_VAMPIRE_BLOOD_HEAL9;No. I will survive as I am. For this night...;;;;;;;;;;;;;x
EVTDESC_POD_VAMPIRE_BLOOD_HEAL10;You concentrate on your mangled body and begin to invoke the healing of the blood.  You feel the blood thirst growing inside you, the beast seeking to be unchained.;;;;;;;;;;;;;x
EVTOPTA_POD_VAMPIRE_BLOOD_HEAL10;I am healed!;;;;;;;;;;;;;x
EVTOPTB_POD_VAMPIRE_BLOOD_HEAL10;No. I will survive as I am. For this night...;;;;;;;;;;;;;x
EVTDESC_POD_VAMPIRE_TRAIN_DISCIPLINE1;You have increased your mastery of the blood.;;;;;;;;;;;;;x
EVTOPTA_POD_VAMPIRE_TRAIN_DISCIPLINE1;There is still more I could know!;;;;;;;;;;;;;x
EVTDESC_POD_MENTAL_DISCIPLINE1;[From.PlotTarget.GetTitledName] has responded to your mystical summoning.;;;;;;;;;;;;;x
EVTOPTA_POD_VAMPIRE_MENTAL_DISCIPLINE1;Welcome to my parlor, said the spider to the fly.;;;;;;;;;;;;;x
EVTDESC_POD_MENTAL_DISCIPLINE2;You have mesmerized [From.PlotTarget.GetTitledName] and can demand from them a favor.;;;;;;;;;;;;;x
EVTOPTA_POD_VAMPIRE_MENTAL_DISCIPLINE2;My will, their hands.;;;;;;;;;;;;;x
EVTDESC_POD_MENTAL_DISCIPLINE3;[From.PlotTarget.GetTitledName] has become entranced by your presence.;;;;;;;;;;;;;x
EVTOPTA_POD_VAMPIRE_MENTAL_DISCIPLINE3;To know me is to love me.;;;;;;;;;;;;;x
EVTDESC_POD_MENTAL_DISCIPLINE4;[From.PlotTarget.GetTitledName] was hunted and drained of all blood--killing them.;;;;;;;;;;;;;x
EVTOPTA_POD_VAMPIRE_MENTAL_DISCIPLINE4;Bon Appetit.;;;;;;;;;;;;;x
DEATH_ACCIDENT_WOLF;was killed by a rampaging wolf;;;;;;;;;;;;x
DEATH_EXECUTION_DIABLERIZED;was diablerized by $KILLER$;;;;;;;;;;;;x
DEATH_EXECUTION_DIABLEIZED_NO_KILLER;was diablerized.;;;;;;;;;;;;;x
hunt_mortal_decision;Hunt Mortal;;;;;;;;;;;;;x
hunt_mortal_decision_desc;Secretly hunt down this mortal and drain all of their blood to reduce your blood thirst.  You wil be invoking your hunting discplines to do so for an increase in blood thirst. A cruel act.;;;;;;;;;;;;;
EVTDESC_POD_VAMPIRE_MASQUERADE_BREACH1;[new_exposes_masquerade.GetTitledFirstName] saw you violate the Silence of Blood, revealing yourself as a vampire.  The Masquerade has been breached. What shall be done with [new_exposes_masquerade.GetFirstName]?;;;;;;;;;;;;;x
EVTOPTA_POD_VAMPIRE_MASQUERADE_BREACH1;Make [new_exposes_masquerade.GetTitledFirstName] forget.;;;;;;;;;;;;;x
EVTOPTB_POD_VAMPIRE_MASQUERADE_BREACH1;Ignore [new_exposes_masquerade.GetTitledFirstName] for now.;;;;;;;;;;;;;x
EVTOPTC_POD_VAMPIRE_MASQUERADE_BREACH1;Bribe [new_exposes_masquerade.GetTitledFirstName] to say nothing.;;;;;;;;;;;;;x
EVTOPTD_POD_VAMPIRE_MASQUERADE_BREACH1;Kill [new_exposes_masquerade.GetTitledFirstName].;;;;;;;;;;;;;x
EVTDESC_POD_VAMPIRE_MASQUERADE_BREACH3;[new_exposes_masquerade.GetTitledFirstName] saw [vampire_exposes_masquerade.GetTitledFirstName] violate the Silence of Blood, revealing [vampire_exposes_masquerade.GetFirstName] as a vampire.  The Masquerade has been breached. What shall be done with [new_exposes_masquerade.GetFirstName]?;;;;;;;;;;;;;x
EVTOPTA_POD_VAMPIRE_MASQUERADE_BREACH3;Make [new_exposes_masquerade.GetTitledFirstName] forget.;;;;;;;;;;;;;x
EVTOPTB_POD_VAMPIRE_MASQUERADE_BREACH3;Ignore [new_exposes_masquerade.GetTitledFirstName] for now.;;;;;;;;;;;;;x
EVTOPTC_POD_VAMPIRE_MASQUERADE_BREACH3;Bribe [new_exposes_masquerade.GetTitledFirstName] to say nothing.;;;;;;;;;;;;;x
EVTOPTD_POD_VAMPIRE_MASQUERADE_BREACH3;Kill [new_exposes_masquerade.GetTitledFirstName].;;;;;;;;;;;;;x
EVTDESC_POD_VAMPIRE_MASQUERADE_BREACH4;[vampire_exposes_masquerade.GetTitledFirstName] has violated the Silence of Blood, revealing themself as a vampire.  The Masquerade has been breached. What shall be done with [vampire_exposes_masquerade.GetFirstName]?;;;;;;;;;;;;;x
EVTOPTA_POD_VAMPIRE_MASQUERADE_BREACH4;Forgive [vampire_exposes_masquerade.GetTitledFirstName] for a favor.;;;;;;;;;;;;;x
EVTOPTB_POD_VAMPIRE_MASQUERADE_BREACH4;Forgive [vampire_exposes_masquerade.GetTitledFirstName].;;;;;;;;;;;;;x
EVTOPTC_POD_VAMPIRE_MASQUERADE_BREACH4;Order my [vampire_judge_masquerade.GetMarshalName], [Root.job_marshal.GetFullName] to arrest [vampire_exposes_masquerade.GetTitledFirstName].;;;;;;;;;;;;;x
EVTOPTD_POD_VAMPIRE_MASQUERADE_BREACH4;"This is not forgiven or forgotten [vampire_exposes_masquerade.GetTitledFirstName].";;;;;;;;;;;;;x
opinion_breached_masquerade;Breached Masquerade;;;;;;;;;;;;;x
masquerade_breach;Masquerade Breach;;;;;;;;;;;;;x
masquerade_breach_desc;A vampire violated the Silence of Blood.  The Masquerade has been breached.;;;;;;;;;;;;;x
EVTDESC_POD_VAMPIRE_UNIT_SPAWN8;Your guards have brought you a vampire claiming to be your childe.  He has come to submit to your will and be recognized as your childe.  He says he was among those embraced and sent into battle but he has thrived so far in his new unlife.;;;;;;;;;;;;;x
EVTOPTA_POD_VAMPIRE_UNIT_SPAWN8;You are either lucky or worthy.  We will see which it is, my childe.;;;;;;;;;;;;;x
EVTOPTB_POD_VAMPIRE_UNIT_SPAWN8;Yes, but you will be bound to me. (Will increase bloodthirst);;;;;;;;;;;;;x
EVTOPTC_POD_VAMPIRE_UNIT_SPAWN8;Seize [prodigal_childe.GetHerHim]!;;;;;;;;;;;;;x
EVTOPTD_POD_VAMPIRE_UNIT_SPAWN8;Mistakes must be corrected.;;;;;;;;;;;;;x
set_godform;Divine Form;;;;;;;;;;;;;x
set_godform_desc;You have used your powers of Serpentis to assume a Divine Form.  You are stronger, tougher, and inspire awe.;;;;;;;;;;;;;x
shift_set_godform_decision;Assume Divine Form;;;;;;;;;;;;;x
shift_set_godform_decision_desc;Use your powers of Serpentis to assume a Divine Form which makes you stronger, tougher, and inspires awe.;;;;;;;;;;;;;x
nick_the_unliving_god;the Unliving God;;;;;;;;;;;;;x
EVTDESC_POD_TEST_CENSUS_1;[From.global_living_characters.GetValue] total characters alive.\n[From.global_canon_characters.GetValue] canon characters alive.\n[From.global_childe_characters.GetValue] childer alive.\n[From.global_province_count.GetValue] provinces.\n[From.global_cull_times.GetValue] culls - [From.global_cull_amount.GetValue] useless gits culled!;;;;;;;;;;;;;x
EVTOPTA_POD_TEST_CENSUS_1;Commence Gehenna;;;;;;;;;;;;;x
superb_mortal_ruler_influence;Superb Mortal Ruler Influence;;;;;;;;;;;;;x
good_mortal_ruler_influence;Good Mortal Ruler Influence;;;;;;;;;;;;;x
average_mortal_ruler_influence;Average Mortal Ruler Influence;;;;;;;;;;;;;x
bad_mortal_ruler_influence;Bad Mortal Ruler Influence;;;;;;;;;;;;;x
terrible_mortal_ruler_influence;Terrible Mortal Ruler Influence;;;;;;;;;;;;;x
canon_childe;Canon Descendant;;;;;;;;;;;;;x
canon_childe_desc;Descendant of a Canon vampire.;;;;;;;;;;;;;x
player_childe;Player Descendant;;;;;;;;;;;;;x
player_childe_desc;Descendant of a Player vampire.;;;;;;;;;;;;;x
opinion_seed_of_rebellion;Seed of Rebellion;;;;;;;;;;;;;x
opinion_seed_of_rebellion_desc;This individual has become convinced their liege is a tyrant that must be removed.;;;;;;;;;;;;;x
opinion_adversary;Adversary;;;;;;;;;;;;;x
opinion_adversary;This individual has an intense dislike for the target.;;;;;;;;;;;;;x
EVTTITLE_POD_NARRATIVE_EVENTS_1;Welcome to Princes of Darkness!;;;;;;;;;;;;;x
EVTDESC_POD_NARRATIVE_EVENTS_1;New players to the mod are encouraged to read through this short introduction. If you are new please read about the bookmarks.\nWARNING:  After startup, it can take a few days before everyone gains their supernatural traits. The first month will be full of death as the mod creates supernatural rulers and removes mortal ones. If you use a custom character and you do not pick the correct traits the mod will not function correctly (look at a canon character to see the required trait setup). If you pick a mortal ruler you will die in a few days.\nWe hope you enjoy your time with the mod. Please leave us feedback on Steam or Discord - we love both good and bad feedback.  There is a channel on discord to share your World of Darkness stories.  Rating and favoriting the mod is appreciated!;;;;;;;;;;;;;x
EVTOPTA_POD_NARRATIVE_EVENTS_1;Bookmark information.  (IMPORTANT);;;;;;;;;;;;;x
EVTOPTB_POD_NARRATIVE_EVENTS_1;Vampire playthrough tips.;;;;;;;;;;;;;x
EVTOPTC_POD_NARRATIVE_EVENTS_1;I have no time for this!;;;;;;;;;;;;;x
EVTTITLE_POD_NARRATIVE_EVENTS_2;Tips for a Vampire playthrough;;;;;;;;;;;;;x
EVTDESC_POD_NARRATIVE_EVENTS_2;If you are new to playing as a vampire it is highly suggested you choose the 1230 bookmark and play a ruler in the Iberian peninsula. As a vampire, your armies will start small and you must build your influence over the populace. The new buildings indicate your influence over the populace, without them, you are all alone. Technology is overhauled and also indicates your influence over the world.  Plots have been overhauled to better reflect the World of Darkness and Vampires in particular. Age and generation are important for Vampires. They influence your effectiveness in battle and plots. Larger population cities give Vampire princes more potential influence and larger broods of vampires.;;;;;;;;;;;;;x
EVTOPTA_POD_NARRATIVE_EVENTS_2;Continue reading about vampires.;;;;;;;;;;;;;x
EVTOPTB_POD_NARRATIVE_EVENTS_2;Back to Main Introduction;;;;;;;;;;;;;x
EVTOPTC_POD_NARRATIVE_EVENTS_2;I have no time for this!;;;;;;;;;;;;;x
EVTTITLE_POD_NARRATIVE_EVENTS_3;Bookmark Information:;;;;;;;;;;;;;x
EVTDESC_POD_NARRATIVE_EVENTS_3;There are many startdates in the mod currently. You are encouraged to play 1230 and pick a Vampire Lord if it is your first time playing the mod. The map is intended to represent the supernatural world and their influence over the mortal one - not the mortal world! Vampires currently have the most involved supernatural gameplay features. 1230 is the War of Princes based on Vampire: Dark Ages and is the most fleshed out bookmark. 1505 is the Council of Thorns based on Vampire: Dark Ages featuring the establishment of the Camarilla and Sabat. 1355 is a shattered world version of Vampire: Dark Ages during the Black Plague. 1506 is a Camarilla and Sabbat Vampire shattered world version. 737 is mage only shattered world. 1215 is Dark Ages Fae. 1466 is mage only shattered world. If you play as a vampire and are new it is highly recommended you read the tips.  Werewolves in a world dominated by vampires is a hard start.;;;;;;;;;;;;;x
EVTOPTA_POD_NARRATIVE_EVENTS_3;Back to Main Introduction.;;;;;;;;;;;;;x
EVTOPTB_POD_NARRATIVE_EVENTS_3;I have no time for this!;;;;;;;;;;;;;x
EVTTITLE_POD_NARRATIVE_EVENTS_4;Tips for a Vampire playthrough;;;;;;;;;;;;;x
EVTDESC_POD_NARRATIVE_EVENTS_4;Old vampires are old for a reason - you should not plot against them unless you are skilled in intrigue or have competent allies who like you. Rivals are very dangerous and should be dealt with as best you can. You will have a very limited demense and need vassals. Don't trust them. To be safe, expect everyone to be plotting your demise. They probably are anyway.\nYou can embrace mortals by right clicking on them.  Ghouls can be created easily but cost precious blood. You should mind your bloodthirst or you will become a wight. The best way to get rid of bloodthirst is to hunt or feed on mortals or wait until it goes away. Dire blood thirst can lead to frenzy or worse. Mind the masquerade lest the church take an interest in your strongholds.\nCain and the Antediluvians (3rd Generation) cannot be diablerized at this time. Sorry.;;;;;;;;;;;;;x
EVTOPTA_POD_NARRATIVE_EVENTS_4;Continue reading about vampires.;;;;;;;;;;;;;x
EVTOPTB_POD_NARRATIVE_EVENTS_4;Back to Main Introduction;;;;;;;;;;;;;x
EVTOPTC_POD_NARRATIVE_EVENTS_4;I have no time for this!;;;;;;;;;;;;;x
EVTTITLE_POD_NARRATIVE_EVENTS_5;Tips for a Vampire playthrough;;;;;;;;;;;;;x
EVTDESC_POD_NARRATIVE_EVENTS_5;You can try to embrace Revenants, Fae, Mages and Werewolves into Vampires. Tremere even have a ritual for Mage embraces. Majesty Summon, Majesty Entrancement, Dominate Mesmerize and Dominate Conditioning are very potent tools for Vampire princes. Auspex Aura Perception shows some hidden traits. Secret cults are still very powerful. Ghouls can breed true and create Revenants--hereditary ghouls. You can awaken torpored elders of your dynasty... If you dare to do so. Tremere, Koldun, Derech Lilit and Order of Hermes Mages can do hermetic quests. Malkavian and Nosferatu make excellent spymasters.  They Sow Chaos when assigned to sabotage a province.;;;;;;;;;;;;;x
EVTOPTA_POD_NARRATIVE_EVENTS_5;Back to Main Introduction;;;;;;;;;;;;;x
EVTOPTB_POD_NARRATIVE_EVENTS_5;I have no time for this!;;;;;;;;;;;;;x