W_L_9999999;https://github.com/peregrine-collegia/POD/wiki/FAQ ;;;;;;;;;;;;x
W_L_505072;http://whitewolf.wikia.com/wiki/Salianna ;;;;;;;;;;;;x
W_L_505073;http://whitewolf.wikia.com/wiki/Esclarmonde_la_Noire ;;;;;;;;;;;;x
W_L_505075;http://whitewolf.wikia.com/wiki/Baba_Yaga ;;;;;;;;;;;;x
W_L_505018;http://whitewolf.wikia.com/wiki/Augustus_Giovanni ;;;;;;;;;;;;x
W_L_505071;http://whitewolf.wikia.com/wiki/Mithras_(VTM) ;;;;;;;;;;;;x
W_L_505050;http://whitewolf.wikia.com/wiki/Hardestadt_the_Elder ;;;;;;;;;;;;x
W_L_505070;http://whitewolf.wikia.com/wiki/Montano ;;;;;;;;;;;;x
W_L_505052;http://whitewolf.wikia.com/wiki/Bulscu ;;;;;;;;;;;;x
W_L_505084;http://whitewolf.wikia.com/wiki/Etrius ;;;;;;;;;;;;x
W_L_505053;http://whitewolf.wikia.com/wiki/Vladimir_Rustovich ;;;;;;;;;;;;x
W_L_505085;http://whitewolf.wikia.com/wiki/Guillaume ;;;;;;;;;;;;x
W_L_505086;http://whitewolf.wikia.com/wiki/J%C3%BCrgen ;;;;;;;;;;;;x
W_L_505087;http://whitewolf.wikia.com/wiki/Lotharius ;;;;;;;;;;;;x
W_L_505088;http://whitewolf.wikia.com/wiki/Einherjar ;;;;;;;;;;;;x
W_L_505089;http://whitewolf.wikia.com/wiki/Josef_Zvi ;;;;;;;;;;;;x
W_L_505090;http://whitewolf.wikia.com/wiki/List_of_Princes_(VTM) ;;;;;;;;;;;;x
W_L_505091;http://whitewolf.wikia.com/wiki/Bela_Rusenko ;;;;;;;;;;;;x
W_L_505092;http://whitewolf.wikia.com/wiki/Etienne_de_Fauberg%C3%A9 ;;;;;;;;;;;;x
W_L_505093;http://whitewolf.wikia.com/wiki/Sha%27hiri ;;;;;;;;;;;;x
W_L_505094;http://whitewolf.wikia.com/wiki/Nakhthorheb ;;;;;;;;;;;;x
W_L_505095;http://whitewolf.wikia.com/wiki/Tanit ;;;;;;;;;;;;x
W_L_505096;http://whitewolf.wikia.com/wiki/Julia_Antasia ;;;;;;;;;;;;x
W_L_505001;http://whitewolf.wikia.com/wiki/Caine ;;;;;;;;;;;;x
W_L_505002;http://whitewolf.wikia.com/wiki/Lilith_(cWOD) ;;;;;;;;;;;;x
W_L_505100;http://whitewolf.wikia.com/wiki/Joachim ;;;;;;;;;;;;x
W_L_505101;http://whitewolf.wikia.com/wiki/Dobrul_the_Brave ;;;;;;;;;;;;x
W_L_505097;http://whitewolf.wikia.com/wiki/Narses ;;;;;;;;;;;;x
W_L_505098;http://whitewolf.wikia.com/wiki/Alfonzo_of_Venice ;;;;;;;;;;;;x
W_L_505099;http://whitewolf.wikia.com/wiki/Guilelmo_Aliprando ;;;;;;;;;;;;x
W_L_505080;http://whitewolf.wikia.com/wiki/H%C3%A9l%C3%A8ne_la_Juste ;;;;;;;;;;;;x
W_L_505081;http://whitewolf.wikia.com/wiki/Isouda_de_Blaise ;;;;;;;;;;;;x
W_L_505082;http://whitewolf.wikia.com/wiki/Alexander_(Ventrue) ;;;;;;;;;;;;x
W_L_505079;http://whitewolf.wikia.com/wiki/Etienne_de_Poitiers ;;;;;;;;;;;;x
W_L_505083;http://whitewolf.wikia.com/wiki/Saint_Regis ;;;;;;;;;;;;x
W_L_505055;http://whitewolf.wikia.com/wiki/Odin,_The_All-High ;;;;;;;;;;;;x
W_L_505051;http://whitewolf.wikia.com/wiki/Michael_(Toreador) ;;;;;;;;;;;;x
W_L_505022;http://whitewolf.wikia.com/wiki/Tremere_(Founder) ;;;;;;;;;;;;x
W_L_505021;http://whitewolf.wikia.com/wiki/Tzimisce_(Antediluvian) ;;;;;;;;;;;;x
W_L_505020;http://whitewolf.wikia.com/wiki/Ravnos_Antediluvian ;;;;;;;;;;;;x
W_L_505017;http://whitewolf.wikia.com/wiki/Cappadocius ;;;;;;;;;;;;x
W_L_505016;http://whitewolf.wikia.com/wiki/Troile ;;;;;;;;;;;;x
W_L_505015;http://whitewolf.wikia.com/wiki/Brujah_Antediluvian ;;;;;;;;;;;;x
W_L_505014;http://whitewolf.wikia.com/wiki/Ventru ;;;;;;;;;;;;x
W_L_505013;http://whitewolf.wikia.com/wiki/Ennoia ;;;;;;;;;;;;x
W_L_505012;http://whitewolf.wikia.com/wiki/Set_(VTM) ;;;;;;;;;;;;x
W_L_505011;http://whitewolf.wikia.com/wiki/Absimiliard ;;;;;;;;;;;;x
W_L_505009;http://whitewolf.wikia.com/wiki/Haqim ;;;;;;;;;;;;x
W_L_505008;http://whitewolf.wikia.com/wiki/Saulot ;;;;;;;;;;;;x
W_L_505007;http://whitewolf.wikia.com/wiki/Malkav ;;;;;;;;;;;;x
W_L_505006;http://whitewolf.wikia.com/wiki/Arikel ;;;;;;;;;;;;x
W_L_505005;http://whitewolf.wikia.com/wiki/Zillah ;;;;;;;;;;;;x
W_L_505004;http://whitewolf.wikia.com/wiki/Irad ;;;;;;;;;;;;x
W_L_505003;http://whitewolf.wikia.com/wiki/Enoch ;;;;;;;;;;;;x
W_L_505019;http://whitewolf.wikia.com/wiki/Lasombra_(Antediluvian) ;;;;;;;;;;;;x
W_L_505102;http://whitewolf.wikia.com/wiki/Goratrix ;;;;;;;;;;;;x
W_L_505103;http://whitewolf.wikia.com/wiki/Meerlinda ;;;;;;;;;;;;x
W_L_505104;http://whitewolf.wikia.com/wiki/Calderon ;;;;;;;;;;;;x
W_L_505105;http://whitewolf.wikia.com/wiki/LeDuc ;;;;;;;;;;;;x
W_L_605101;http://whitewolf.wikia.com/wiki/Andrew ;;;;;;;;;;;;x
W_L_505112;http://whitewolf.wikia.com/wiki/Fulgencio_d%27Idalia ;;;;;;;;;;;;x
W_L_505113;http://whitewolf.wikia.com/wiki/Balthazar_(Lasombra) ;;;;;;;;;;;;x
W_L_505111;http://whitewolf.wikia.com/wiki/Gustav_Breidenstein ;;;;;;;;;;;;x
W_L_505110;http://whitewolf.wikia.com/wiki/Ilse_Reinegger ;;;;;;;;;;;;x
W_L_505120;http://whitewolf.wikia.com/wiki/List_of_Princes_(VTM) ;;;;;;;;;;;;x
W_L_505121;http://whitewolf.wikia.com/wiki/Marconius ;;;;;;;;;;;;x
W_L_505122;http://whitewolf.wikia.com/wiki/List_of_Princes_(VTM) ;;;;;;;;;;;;x
W_L_505123;http://whitewolf.wikia.com/wiki/Hilel_Al-Masaari ;;;;;;;;;;;;x
W_L_505125;http://whitewolf.wikia.com/wiki/List_of_Princes_(VTM) ;;;;;;;;;;;;x
W_L_505126;http://whitewolf.wikia.com/wiki/Silvester_de_Ruiz ;;;;;;;;;;;;x
W_L_505127;http://whitewolf.wikia.com/wiki/List_of_Princes_(VTM) ;;;;;;;;;;;;x
W_L_505128;http://whitewolf.wikia.com/wiki/Rufus ;;;;;;;;;;;;x
W_L_505140;http://whitewolf.wikia.com/wiki/Sybil ;;;;;;;;;;;;x
W_L_505141;http://whitewolf.wikia.com/wiki/Marcus_Vitel ;;;;;;;;;;;;x
W_L_505143;http://whitewolf.wikia.com/wiki/Nahir ;;;;;;;;;;;;x
W_L_505144;http://whitewolf.wikia.com/wiki/Gratiano_de_Veronese ;;;;;;;;;;;;x
W_L_505145;http://whitewolf.wikia.com/wiki/Karotos ;;;;;;;;;;;;x
W_L_505146;http://whitewolf.wikia.com/wiki/Cleobolus ;;;;;;;;;;;;x
W_L_505147;http://whitewolf.wikia.com/wiki/Gotzon ;;;;;;;;;;;;x
W_L_505148;http://whitewolf.wikia.com/wiki/Norbert_von_Xanten ;;;;;;;;;;;;x
W_L_505149;http://whitewolf.wikia.com/wiki/Boukephos ;;;;;;;;;;;;x
W_L_505150;http://whitewolf.wikia.com/wiki/Marcellus_Rufus ;;;;;;;;;;;;x
W_L_505151;http://whitewolf.wikia.com/wiki/Narses ;;;;;;;;;;;;x
W_L_505152;http://whitewolf.wikia.com/wiki/Elieser_de_Polanco ;;;;;;;;;;;;x
W_L_505153;http://whitewolf.wikia.com/wiki/List_of_Princes_(VTM) ;;;;;;;;;;;;x
W_L_505154;http://whitewolf.wikia.com/wiki/Ambrosio_Luis_Mon%C3%A7ada ;;;;;;;;;;;;x
W_L_505155;http://whitewolf.wikia.com/wiki/Elieser_de_Polanco ;;;;;;;;;;;;x
W_L_790021;http://whitewolf.wikia.com/wiki/Constancia ;;;;;;;;;;;;x
W_L_790020;http://whitewolf.wikia.com/wiki/Japheth ;;;;;;;;;;;;x
W_L_710502;http://whitewolf.wikia.com/wiki/Angelique ;;;;;;;;;;;;x
W_L_710501;http://whitewolf.wikia.com/wiki/Lazarus ;;;;;;;;;;;;x
W_L_790018;http://whitewolf.wikia.com/wiki/List_of_Princes_(VTM) ;;;;;;;;;;;;x
W_L_790015;http://whitewolf.wikia.com/wiki/Belisarius ;;;;;;;;;;;;x
W_L_790004;http://whitewolf.wikia.com/wiki/Anna_Comnena  ;;;;;;;;;;;;x
W_L_790002;http://whitewolf.wikia.com/wiki/Septima_Dominica ;;;;;;;;;;;;x
W_L_790001;http://whitewolf.wikia.com/wiki/Caius ;;;;;;;;;;;;x
W_L_710202;http://whitewolf.wikia.com/wiki/Antonius_(Cairo) ;;;;;;;;;;;;x
W_L_710201;http://whitewolf.wikia.com/wiki/Antonius_(Constantinople) ;;;;;;;;;;;;x
W_L_710203;http://whitewolf.wikia.com/wiki/Nasch ;;;;;;;;;;;;x
W_L_790017;http://whitewolf.wikia.com/wiki/Caius ;;;;;;;;;;;;x
W_L_790016;http://whitewolf.wikia.com/wiki/Belisarius ;;;;;;;;;;;;x
W_L_790005;http://whitewolf.wikia.com/wiki/Septima_Dominica ;;;;;;;;;;;;x
W_L_790003;http://whitewolf.wikia.com/wiki/Septima_Dominica ;;;;;;;;;;;;x
W_L_505109;http://whitewolf.wikia.com/wiki/Cretheus ;;;;;;;;;;;;x
W_L_710393;http://whitewolf.wikia.com/wiki/Fatimah_al-Lam%27a ;;;;;;;;;;;;x
W_L_710303;http://whitewolf.wikia.com/wiki/Fatimah_al-Lam%27a ;;;;;;;;;;;;x
W_L_710304;http://whitewolf.wikia.com/wiki/List_of_Princes_(VTM) ;;;;;;;;;;;;x
W_L_710302;http://whitewolf.wikia.com/wiki/Fatimah_al-Lam%27a ;;;;;;;;;;;;x
W_L_699998;http://whitewolf.wikia.com/wiki/Medusa_(VTM) ;;;;;;;;;;;;x
W_L_699999;http://whitewolf.wikia.com/wiki/Angiwar ;;;;;;;;;;;;x
W_L_710101;http://whitewolf.wikia.com/wiki/Antara ;;;;;;;;;;;;x
W_L_710102;http://whitewolf.wikia.com/wiki/Antara ;;;;;;;;;;;;x
W_L_710401;http://whitewolf.wikia.com/wiki/Agonistes ;;;;;;;;;;;;x
W_L_505107;http://whitewolf.wikia.com/wiki/Grimgroth ;;;;;;;;;;;;x
W_L_505106;http://whitewolf.wikia.com/wiki/Abetorius ;;;;;;;;;;;;x
W_L_605102;http://whitewolf.wikia.com/wiki/Adana_de_Sforza ;;;;;;;;;;;;x
W_L_605103;http://whitewolf.wikia.com/wiki/Adana_de_Sforza ;;;;;;;;;;;;x
W_L_505129;http://whitewolf.wikia.com/wiki/Hardestadt_the_Younger ;;;;;;;;;;;;x
W_L_505130;http://whitewolf.wikia.com/wiki/Erik_Eigermann ;;;;;;;;;;;;x
W_L_605104;http://whitewolf.wikia.com/wiki/Rafael_de_Corazon ;;;;;;;;;;;;x
W_L_605105;http://whitewolf.wikia.com/wiki/Josef_von_Bauren ;;;;;;;;;;;;x
W_L_605106;http://whitewolf.wikia.com/wiki/Mistress_Fanchon ;;;;;;;;;;;;x
W_L_605107;http://whitewolf.wikia.com/wiki/Milov_Petrenkov ;;;;;;;;;;;;x
W_L_605108;http://whitewolf.wikia.com/wiki/Camilla_Banes ;;;;;;;;;;;;x
W_L_605110;http://whitewolf.wikia.com/wiki/Jamal ;;;;;;;;;;;;x
W_L_605111;http://whitewolf.wikia.com/wiki/Hedeon_Yaroslavich ;;;;;;;;;;;;x
W_L_605112;http://whitewolf.wikia.com/wiki/Velya,_the_Vivisectionist ;;;;;;;;;;;;x
W_L_605114;http://whitewolf.wikia.com/wiki/List_of_Princes_(VTM) ;;;;;;;;;;;;x
W_L_605115;http://whitewolf.wikia.com/wiki/List_of_Princes_(VTM) ;;;;;;;;;;;;x
W_L_605113;http://whitewolf.wikia.com/wiki/List_of_Princes_(VTM) ;;;;;;;;;;;;x
W_L_605116;http://whitewolf.wikia.com/wiki/List_of_Princes_(VTM) ;;;;;;;;;;;;x
W_L_605117;http://whitewolf.wikia.com/wiki/Peisistratos ;;;;;;;;;;;;x
W_L_605118;http://whitewolf.wikia.com/wiki/List_of_Princes_(VTM) ;;;;;;;;;;;;x
W_L_605119;http://whitewolf.wikia.com/wiki/List_of_Princes_(VTM) ;;;;;;;;;;;;x
W_L_605120;http://whitewolf.wikia.com/wiki/List_of_Princes_(VTM) ;;;;;;;;;;;;x
W_L_605121;http://whitewolf.wikia.com/wiki/The_Red_Sign;;;;;;;;;;;;x
W_L_605122;http://whitewolf.wikia.com/wiki/Suleiman_ibn_Abdullah ;;;;;;;;;;;;x
W_L_605123;http://whitewolf.wikia.com/wiki/Kartarirya ;;;;;;;;;;;;x
W_L_605124;http://whitewolf.wikia.com/wiki/Noriz ;;;;;;;;;;;;x
W_L_605125;http://whitewolf.wikia.com/wiki/Byelobog ;;;;;;;;;;;;x
W_L_605126;http://whitewolf.wikia.com/wiki/Triglav ;;;;;;;;;;;;x
W_L_605127;http://whitewolf.wikia.com/wiki/List_of_Princes_(VTM) ;;;;;;;;;;;;x
W_L_605128;http://whitewolf.wikia.com/wiki/Ahmed_ibn_Zayyat ;;;;;;;;;;;;x
W_L_605129;http://whitewolf.wikia.com/wiki/Usama_ibn_Jabar ;;;;;;;;;;;;x
W_L_605130;http://whitewolf.wikia.com/wiki/List_of_Princes_(VTM) ;;;;;;;;;;;;x
W_L_605131;http://whitewolf.wikia.com/wiki/List_of_Princes_(VTM) ;;;;;;;;;;;;x
W_L_605132;http://whitewolf.wikia.com/wiki/Sophoniba ;;;;;;;;;;;;x
W_L_605133;http://whitewolf.wikia.com/wiki/List_of_Princes_(VTM) ;;;;;;;;;;;;x
W_L_605134;http://whitewolf.wikia.com/wiki/Xavier_de_Cincao ;;;;;;;;;;;;x
W_L_790101;http://whitewolf.wikia.com/wiki/Camilla;;;;;;;;;;;;x
W_L_790100;http://whitewolf.wikia.com/wiki/Salianna;;;;;;;;;;;;x
W_L_790102;http://whitewolf.wikia.com/wiki/Giselher;;;;;;;;;;;;x
W_L_790103;http://whitewolf.wikia.com/wiki/Robin_Leeland;;;;;;;;;;;;x
W_L_790104;http://whitewolf.wikia.com/wiki/List_of_Princes_(VTM);;;;;;;;;;;;x
W_L_790105;http://whitewolf.wikia.com/wiki/Qarakh;;;;;;;;;;;;x
W_L_790106;http://whitewolf.wikia.com/wiki/Deverra;;;;;;;;;;;;x
W_L_790107;http://whitewolf.wikia.com/wiki/Arnulf;;;;;;;;;;;;x
W_L_790108;http://whitewolf.wikia.com/wiki/Alessandro_de_Garcia;;;;;;;;;;;;x
W_L_790109;http://whitewolf.wikia.com/wiki/Zarathustra;;;;;;;;;;;;x
W_L_790110;http://whitewolf.wikia.com/wiki/Dark_Ages_Europe;;;;;;;;;;;;x
W_L_790111;http://whitewolf.wikia.com/wiki/Dark_Ages_Europe;;;;;;;;;;;;x
W_L_790112;http://whitewolf.wikia.com/wiki/Dark_Ages_Europe;;;;;;;;;;;;x
W_L_790113;http://whitewolf.wikia.com/wiki/Darvag_Grozny;;;;;;;;;;;;x
W_L_790115;http://whitewolf.wikia.com/wiki/Symeon;;;;;;;;;;;;x
W_L_790114;http://whitewolf.wikia.com/wiki/Sascha_Vykos;;;;;;;;;;;;x
W_L_790116;http://whitewolf.wikia.com/wiki/Dark_Ages_Europe;;;;;;;;;;;;x
W_L_790117;http://whitewolf.wikia.com/wiki/Dark_Ages_Europe;;;;;;;;;;;;x
W_L_790118;http://whitewolf.wikia.com/wiki/Dark_Ages_Europe;;;;;;;;;;;;x
W_L_790119;http://whitewolf.wikia.com/wiki/Ulfsdottir;;;;;;;;;;;;x
W_L_790120;http://whitewolf.wikia.com/wiki/Dark_Ages_Europe;;;;;;;;;;;;x
W_L_790121;http://whitewolf.wikia.com/wiki/Dark_Ages_Europe;;;;;;;;;;;;x
W_L_790122;http://whitewolf.wikia.com/wiki/Veil_of_Night;;;;;;;;;;;;x
W_L_790123;http://whitewolf.wikia.com/wiki/Veil_of_Night;;;;;;;;;;;;x
W_L_790124;http://whitewolf.wikia.com/wiki/Veil_of_Night;;;;;;;;;;;;x
W_L_790125;http://whitewolf.wikia.com/wiki/Darshuf;;;;;;;;;;;;x
W_L_790126;http://whitewolf.wikia.com/wiki/Seterpenre;;;;;;;;;;;;x
W_L_790127;http://whitewolf.wikia.com/wiki/Kahina;;;;;;;;;;;;x
W_L_790128;http://whitewolf.wikia.com/wiki/Maatkare;;;;;;;;;;;;x
W_L_790129;http://whitewolf.wikia.com/wiki/Andreas_Aegyptus;;;;;;;;;;;;x
W_L_790130;http://whitewolf.wikia.com/wiki/R%C3%A1%C3%B0%C3%Balfr;;;;;;;;;;;;x
W_L_790131;http://whitewolf.wikia.com/wiki/Melusine_d%27Anjou;;;;;;;;;;;;x
W_L_790132;http://whitewolf.wikia.com/wiki/John_de_York;;;;;;;;;;;;x
W_L_790133;http://whitewolf.wikia.com/wiki/Dark_Ages:_British_Isles;;;;;;;;;;;;x
W_L_790134;http://whitewolf.wikia.com/wiki/Marcus_Verus;;;;;;;;;;;;x
W_L_790135;http://whitewolf.wikia.com/wiki/Dark_Ages_Europe;;;;;;;;;;;;x
W_L_790136;http://whitewolf.wikia.com/wiki/Dark_Ages_Europe;;;;;;;;;;;;x
W_L_790137;http://whitewolf.wikia.com/wiki/Gaius_Marcellus;;;;;;;;;;;;x
W_L_790138;http://whitewolf.wikia.com/wiki/Geoffrey_du_Temple;;;;;;;;;;;;x
W_L_790139;http://whitewolf.wikia.com/wiki/Dark_Ages_Clan_Novel_8:_Brujah;;;;;;;;;;;;x
W_L_790140;http://whitewolf.wikia.com/wiki/Ambrogino_Giovanni;;;;;;;;;;;;x
W_L_790141;http://whitewolf.wikia.com/wiki/Claudius_Giovanni;;;;;;;;;;;;x
W_L_790142;http://whitewolf.wikia.com/wiki/Pietro_Giovanni;;;;;;;;;;;;x
W_L_790143;http://whitewolf.wikia.com/wiki/Markus_Musa_Giovanni;;;;;;;;;;;;x
W_L_790144;http://whitewolf.wikia.com/wiki/Ignazio_Giovanni;;;;;;;;;;;;x
W_L_790145;http://whitewolf.wikia.com/wiki/Sahar-Hannibaal;;;;;;;;;;;;x
W_L_790146;http://whitewolf.wikia.com/wiki/Azaneal;;;;;;;;;;;;x
W_L_790147;http://whitewolf.wikia.com/wiki/Cybele;;;;;;;;;;;;x
W_L_790148;http://whitewolf.wikia.com/wiki/Arishat;;;;;;;;;;;;x
W_L_790149;http://whitewolf.wikia.com/wiki/Mary_the_Black;;;;;;;;;;;;x
W_L_790150;http://whitewolf.wikia.com/wiki/Cocceius;;;;;;;;;;;;x
W_L_790151;http://whitewolf.wikia.com/wiki/Lucretia_von_Hartz;;;;;;;;;;;;x
W_L_790152;http://whitewolf.wikia.com/wiki/Dark_Ages_Europe;;;;;;;;;;;;x
W_L_790153;http://whitewolf.wikia.com/wiki/Melitta_Wallenberg;;;;;;;;;;;;x
W_L_790154;http://whitewolf.wikia.com/wiki/Armin_Brenner;;;;;;;;;;;;x
W_L_790155;http://whitewolf.wikia.com/wiki/Dionysius_(VTM);;;;;;;;;;;;x
W_L_790156;http://whitewolf.wikia.com/wiki/Dark_Ages_Europe;;;;;;;;;;;;x
W_L_790157;http://whitewolf.wikia.com/wiki/Dark_Ages_Europe;;;;;;;;;;;;x
W_L_790158;http://whitewolf.wikia.com/wiki/The_Ashen_Thief;;;;;;;;;;;;x
W_L_790159;http://whitewolf.wikia.com/wiki/Dark_Ages_Europe;;;;;;;;;;;;x
W_L_790160;http://whitewolf.wikia.com/wiki/Guillaume;;;;;;;;;;;;x
W_L_790161;http://whitewolf.wikia.com/wiki/Lucretia_Giovanni;;;;;;;;;;;;x
W_L_790162;http://whitewolf.wikia.com/wiki/Antoine_Le_Fanu;;;;;;;;;;;;x
W_L_790163;http://whitewolf.wikia.com/wiki/Dark_Selina;;;;;;;;;;;;x
W_L_790164;http://whitewolf.wikia.com/wiki/Thetmes;;;;;;;;;;;;x
W_L_790165;http://whitewolf.wikia.com/wiki/Amaravati;;;;;;;;;;;;x
W_L_790166;http://whitewolf.wikia.com/wiki/Al-Ashrad;;;;;;;;;;;;x
W_L_790167;http://whitewolf.wikia.com/wiki/Tegyrius;;;;;;;;;;;;x
W_L_790168;http://whitewolf.wikia.com/wiki/Fatima_al-Faqadi;;;;;;;;;;;;x
W_L_790169;http://whitewolf.wikia.com/wiki/List_of_Princes_(VTM);;;;;;;;;;;;x
W_L_790170;http://whitewolf.wikia.com/wiki/Iberia_by_Night;;;;;;;;;;;;x
W_L_790171;http://whitewolf.wikia.com/wiki/Iberia_by_Night;;;;;;;;;;;;x
W_L_790172;http://whitewolf.wikia.com/wiki/Dark_Ages_Europe;;;;;;;;;;;;x
W_L_790173;http://whitewolf.wikia.com/wiki/Dark_Ages_Europe;;;;;;;;;;;;x
W_L_790174;http://whitewolf.wikia.com/wiki/Dark_Ages_Europe;;;;;;;;;;;;x
W_L_790175;http://whitewolf.wikia.com/wiki/Iberia_by_Night;;;;;;;;;;;;x
W_L_790176;http://whitewolf.wikia.com/wiki/Iberia_by_Night;;;;;;;;;;;;x
W_L_790177;http://whitewolf.wikia.com/wiki/Iberia_by_Night;;;;;;;;;;;;x
W_L_790178;http://whitewolf.wikia.com/wiki/Lucita_de_Aragon;;;;;;;;;;;;x
W_L_790179;http://whitewolf.wikia.com/wiki/Helena_(VTM);;;;;;;;;;;;x
W_L_790190;http://whitewolf.wikia.com/wiki/Chandraputra;;;;;;;;;;;;x
W_L_790191;http://whitewolf.wikia.com/wiki/Gayal;;;;;;;;;;;;x
W_L_790192;http://whitewolf.wikia.com/wiki/Hazimel;;;;;;;;;;;;x
W_L_790193;http://whitewolf.wikia.com/wiki/Ravana;;;;;;;;;;;;x
W_L_790194;http://whitewolf.wikia.com/wiki/Ramessu;;;;;;;;;;;;x
W_L_790195;http://whitewolf.wikia.com/wiki/Helekar;;;;;;;;;;;;x
W_L_790196;http://whitewolf.wikia.com/wiki/Voormas;;;;;;;;;;;;x
W_L_790197;http://whitewolf.wikia.com/wiki/Euthanatos;;;;;;;;;;;;x
W_L_790198;http://whitewolf.wikia.com/wiki/Maria_D%27Agostino;;;;;;;;;;;;x
W_L_790199;http://whitewolf.wikia.com/wiki/Matasuntha_(VTM);;;;;;;;;;;;x
W_L_790200;http://whitewolf.wikia.com/wiki/V20_Dark_Ages_Companion;;;;;;;;;;;;x
W_L_790201;http://whitewolf.wikia.com/wiki/Aconia_Messalina;;;;;;;;;;;;x
W_L_790202;http://whitewolf.wikia.com/wiki/Dark_Ages_Europe;;;;;;;;;;;;x
W_L_790203;http://whitewolf.wikia.com/wiki/Fabrizio_Ulfila;;;;;;;;;;;;x
W_L_790204;http://whitewolf.wikia.com/wiki/Camilla;;;;;;;;;;;;x
W_L_790205;http://whitewolf.wikia.com/wiki/Tryphosa;;;;;;;;;;;;x
W_L_790206;http://whitewolf.wikia.com/wiki/Unmada;;;;;;;;;;;;x
W_L_790207;http://whitewolf.wikia.com/wiki/Vasantasena;;;;;;;;;;;;x
W_L_790208;http://whitewolf.wikia.com/wiki/Claudius_Eugenio;;;;;;;;;;;;x
W_L_790209;http://whitewolf.wikia.com/wiki/Malaii;;;;;;;;;;;;x
W_L_790210;http://whitewolf.wikia.com/wiki/Khanom_Mehr;;;;;;;;;;;;x
W_L_790211;http://whitewolf.wikia.com/wiki/Talaq;;;;;;;;;;;;x
W_L_790212;http://whitewolf.wikia.com/wiki/Khalid_Al-Rashid;;;;;;;;;;;;x
W_L_790213;http://whitewolf.wikia.com/wiki/Tarique;;;;;;;;;;;;x
W_L_790214;http://whitewolf.wikia.com/wiki/Zayyat;;;;;;;;;;;;x
W_L_790215;http://whitewolf.wikia.com/wiki/Haroun_el-La%27il;;;;;;;;;;;;x
W_L_790216;http://whitewolf.wikia.com/wiki/Hanifa_bint_Nasir_ar-Rashid;;;;;;;;;;;;x
W_L_790217;http://whitewolf.wikia.com/wiki/Petaniqua;;;;;;;;;;;;x
W_L_790218;http://whitewolf.wikia.com/wiki/Mockmaw;;;;;;;;;;;;x
W_L_790219;http://whitewolf.wikia.com/wiki/Dastur_Anosh;;;;;;;;;;;;x
W_L_790220;http://whitewolf.wikia.com/wiki/Apacia;;;;;;;;;;;;x
W_L_790221;http://whitewolf.wikia.com/wiki/Appius_Claudius_Corvus;;;;;;;;;;;;x
W_L_790222;http://whitewolf.wikia.com/wiki/Baronies_of_Avalon;;;;;;;;;;;;x
W_L_790223;http://whitewolf.wikia.com/wiki/Baronies_of_Avalon;;;;;;;;;;;;x
W_L_790224;http://whitewolf.wikia.com/wiki/Baronies_of_Avalon;;;;;;;;;;;;x
W_L_790225;http://whitewolf.wikia.com/wiki/Baronies_of_Avalon;;;;;;;;;;;;x
W_L_790226;http://whitewolf.wikia.com/wiki/Magda;;;;;;;;;;;;x
W_L_790227;http://whitewolf.wikia.com/wiki/Dark_Ages_Europe;;;;;;;;;;;;x
W_L_790228;http://whitewolf.wikia.com/wiki/Baronies_of_Avalon;;;;;;;;;;;;x
W_L_790229;http://whitewolf.wikia.com/wiki/Baronies_of_Avalon;;;;;;;;;;;;x
W_L_790230;http://whitewolf.wikia.com/wiki/Baronies_of_Avalon;;;;;;;;;;;;x
W_L_790231;http://whitewolf.wikia.com/wiki/Dark_Ages_Europe;;;;;;;;;;;;x
W_L_790232;http://whitewolf.wikia.com/wiki/Drededoom;;;;;;;;;;;;x
W_L_790233;http://whitewolf.wikia.com/wiki/Dark_Ages:_British_Isles;;;;;;;;;;;;x
W_L_790234;http://whitewolf.wikia.com/wiki/List_of_Princes_(VTM);;;;;;;;;;;;x
W_L_790235;http://whitewolf.wikia.com/wiki/Karif_al-Numair;;;;;;;;;;;;x
W_L_790236;http://whitewolf.wikia.com/wiki/Qawiyya_el-Ghaduba;;;;;;;;;;;;x
W_L_790237;http://whitewolf.wikia.com/wiki/Qawiyya_el-Ghaduba;;;;;;;;;;;;x
W_L_790238;http://whitewolf.wikia.com/wiki/Dark_Ages_Europe;;;;;;;;;;;;x
W_L_790239;http://whitewolf.wikia.com/wiki/Dark_Ages_Europe;;;;;;;;;;;;x
W_L_790240;http://whitewolf.wikia.com/wiki/Dark_Ages_Europe;;;;;;;;;;;;x
W_L_790241;http://whitewolf.wikia.com/wiki/Anadja;;;;;;;;;;;;x
W_L_790242;http://whitewolf.wikia.com/wiki/Dark_Ages_Clan_Novel_2:_Assamite;;;;;;;;;;;;x
W_L_790243;http://whitewolf.wikia.com/wiki/Vencel_Rikard;;;;;;;;;;;;x
W_L_790244;http://whitewolf.wikia.com/wiki/Nova_Arpad;;;;;;;;;;;;x
W_L_790245;http://whitewolf.wikia.com/wiki/Dark_Ages_Europe;;;;;;;;;;;;x
W_L_790246;http://whitewolf.wikia.com/wiki/Yitzhak_ben_Avraham;;;;;;;;;;;;x
W_L_790247;http://whitewolf.wikia.com/wiki/Yorak;;;;;;;;;;;;x
W_L_790248;http://whitewolf.wikia.com/wiki/Tabak;;;;;;;;;;;;x
W_L_790249;http://whitewolf.wikia.com/wiki/Gutka;;;;;;;;;;;;x
W_L_790250;http://whitewolf.wikia.com/wiki/Jolanta;;;;;;;;;;;;x
W_L_790251;http://whitewolf.wikia.com/wiki/Claas_Drescher;;;;;;;;;;;;x
W_L_790252;http://whitewolf.wikia.com/wiki/Adrojai;;;;;;;;;;;;x
W_L_790253;http://whitewolf.wikia.com/wiki/Dark_Ages_Clan_Novel_12:_Ventrue;;;;;;;;;;;;x
;;;;;;;;;;;;;x
W_L_790255;http://whitewolf.wikia.com/wiki/List_of_Princes_(VTM);;;;;;;;;;;;
W_L_790256;http://whitewolf.wikia.com/wiki/Victorian_Age:_Vampire_Rulebook;;;;;;;;;;;;x
W_L_790257;http://whitewolf.wikia.com/wiki/Victorian_Age:_Vampire_Rulebook;;;;;;;;;;;;x
W_L_790258;http://whitewolf.wikia.com/wiki/Guide_to_the_Anarchs;;;;;;;;;;;;x
W_L_790259;http://whitewolf.wikia.com/wiki/Guide_to_the_Anarchs;;;;;;;;;;;;x
W_L_790260;http://whitewolf.wikia.com/wiki/Dark_Ages_Clan_Novel:_Setite;;;;;;;;;;;;x
W_L_790261;http://whitewolf.wikia.com/wiki/Nikita_of_Sredetz;;;;;;;;;;;;x
W_L_790262;http://whitewolf.wikia.com/wiki/Cainite_Heresy_(book);;;;;;;;;;;;x
W_L_790263;http://whitewolf.wikia.com/wiki/Ranulph;;;;;;;;;;;;x
W_L_790264;http://whitewolf.wikia.com/wiki/List_of_Princes_(VTM);;;;;;;;;;;;x
W_L_790265;http://whitewolf.wikia.com/wiki/V20_Dark_Ages_Companion;;;;;;;;;;;;x
W_L_790266;http://whitewolf.wikia.com/wiki/List_of_Princes_(VTM);;;;;;;;;;;;x
W_L_790267;http://whitewolf.wikia.com/wiki/List_of_Princes_(VTM);;;;;;;;;;;;x
W_L_790268;http://whitewolf.wikia.com/wiki/Victorian_Age:_Vampire_Rulebook;;;;;;;;;;;;x
W_L_790269;http://whitewolf.wikia.com/wiki/Victorian_Age:_Vampire_Rulebook;;;;;;;;;;;;x
W_L_790270;http://whitewolf.wikia.com/wiki/Brunhilde;;;;;;;;;;;;x
W_L_790271;http://whitewolf.wikia.com/wiki/Horst_de_Novara;;;;;;;;;;;;x
W_L_790272;http://whitewolf.wikia.com/wiki/Lanzo_von_Sachsen;;;;;;;;;;;;x
W_L_790273;http://whitewolf.wikia.com/wiki/Trajan;;;;;;;;;;;;x
W_L_790274;http://whitewolf.wikia.com/wiki/Durga_Syn;;;;;;;;;;;;x
W_L_790275;http://whitewolf.wikia.com/wiki/Veddartha;;;;;;;;;;;;x
W_L_790276;http://whitewolf.wikia.com/wiki/Bulscu;;;;;;;;;;;;x
W_L_790277;http://whitewolf.wikia.com/wiki/Tinia;;;;;;;;;;;;x
W_L_790278;http://whitewolf.wikia.com/wiki/Democritus;;;;;;;;;;;;x
W_L_790279;http://whitewolf.wikia.com/wiki/Collat;;;;;;;;;;;;x
W_L_790280;http://whitewolf.wikia.com/wiki/Giselher;;;;;;;;;;;;x
W_L_790281;http://whitewolf.wikia.com/wiki/Julian_Cerialis;;;;;;;;;;;;x
W_L_790282;http://whitewolf.wikia.com/wiki/Lucretia_von_Hardtz;;;;;;;;;;;;x
W_L_790283;http://whitewolf.wikia.com/wiki/Dark_Ages_Europe;;;;;;;;;;;;x
W_L_790284;http://whitewolf.wikia.com/wiki/Artemis_Orthia;;;;;;;;;;;;x
W_L_790285;http://whitewolf.wikia.com/wiki/Bindusara;;;;;;;;;;;;x
W_L_790286;http://whitewolf.wikia.com/wiki/Dark_Ages_Clan_Novel_2:_Assamite;;;;;;;;;;;;x
W_L_790287;http://whitewolf.wikia.com/wiki/Rudolf_Brandl;;;;;;;;;;;;x
W_L_790288;http://whitewolf.wikia.com/wiki/Rudolf_Brandl;;;;;;;;;;;;x
W_L_790289;http://whitewolf.wikia.com/wiki/Dark_Alliance:_Vancouver;;;;;;;;;;;;x
W_L_790290;http://whitewolf.wikia.com/wiki/Iontius;;;;;;;;;;;;x
W_L_790291;http://whitewolf.wikia.com/wiki/Callisti_y_Castillo;;;;;;;;;;;;x
W_L_790292;http://whitewolf.wikia.com/wiki/The_Ashen_Knight;;;;;;;;;;;;x
W_L_790293;http://whitewolf.wikia.com/wiki/The_Ashen_Knight;;;;;;;;;;;;x
W_L_790294;http://whitewolf.wikia.com/wiki/Saint_Regis;;;;;;;;;;;;x
W_L_790295;http://whitewolf.wikia.com/wiki/Wenceslas;;;;;;;;;;;;x
W_L_790296;http://whitewolf.wikia.com/wiki/Veil_of_Night;;;;;;;;;;;;x
W_L_790297;http://whitewolf.wikia.com/wiki/Melusine_d%27Anjou;;;;;;;;;;;;x
W_L_790298;http://whitewolf.wikia.com/wiki/The_Ashen_Thief;;;;;;;;;;;;x
W_L_790299;http://whitewolf.wikia.com/wiki/Minos_(Toreador);;;;;;;;;;;;x
W_L_790300;http://whitewolf.wikia.com/wiki/Melinda_Galbraith;;;;;;;;;;;;x
W_L_790301;http://whitewolf.wikia.com/wiki/Fran%C3%A7ois_Villon;;;;;;;;;;;;x
W_L_790302;http://whitewolf.wikia.com/wiki/Rosamund_of_Islington;;;;;;;;;;;;x
W_L_790303;http://whitewolf.wikia.com/wiki/Hannibal_(Brujah);;;;;;;;;;;;x
W_L_790304;http://whitewolf.wikia.com/wiki/Usama_ibn_Jabar;;;;;;;;;;;;x
W_L_790305;http://whitewolf.wikia.com/wiki/Troile;;;;;;;;;;;;x
W_L_790306;http://whitewolf.wikia.com/wiki/Belit-Sheri;;;;;;;;;;;;x
W_L_790307;http://whitewolf.wikia.com/wiki/Tribonius;;;;;;;;;;;;x
W_L_790308;http://whitewolf.wikia.com/wiki/Critias;;;;;;;;;;;;x
W_L_790309;http://whitewolf.wikia.com/wiki/Menele;;;;;;;;;;;;x
W_L_790310;http://whitewolf.wikia.com/wiki/Dominic;;;;;;;;;;;;x
W_L_790311;http://whitewolf.wikia.com/wiki/Rosamund_of_Islington;;;;;;;;;;;;x
W_L_790312;http://whitewolf.wikia.com/wiki/Cocceius;;;;;;;;;;;;x
W_L_790313;http://whitewolf.wikia.com/wiki/Altamira;;;;;;;;;;;;x
W_L_790314;http://whitewolf.wikia.com/wiki/Road_of_Humanity_(book);;;;;;;;;;;;x
W_L_790315;http://whitewolf.wikia.com/wiki/V%C3%A9ronique_d%27Orl%C3%A9ans;;;;;;;;;;;;x
W_L_790316;http://whitewolf.wikia.com/wiki/Nissiku;;;;;;;;;;;;x
W_L_790317;http://whitewolf.wikia.com/wiki/Camilla_Banes;;;;;;;;;;;;x
W_L_790318;http://whitewolf.wikia.com/wiki/Lamdiel;;;;;;;;;;;;x
W_L_790319;http://whitewolf.wikia.com/wiki/Alchias;;;;;;;;;;;;x
W_L_790320;http://whitewolf.wikia.com/wiki/The_Eater;;;;;;;;;;;;x
W_L_790321;http://whitewolf.wikia.com/wiki/Unmada;;;;;;;;;;;;x
W_L_790322;http://whitewolf.wikia.com/wiki/Anatole;;;;;;;;;;;;x
W_L_790323;http://whitewolf.wikia.com/wiki/Anatole;;;;;;;;;;;;x
W_L_790324;http://whitewolf.wikia.com/wiki/Aristotle_de_Laurent;;;;;;;;;;;;x
W_L_790325;http://whitewolf.wikia.com/wiki/V20_Dark_Ages_Companion;;;;;;;;;;;;x
W_L_790326;http://whitewolf.wikia.com/wiki/Kosczecsyku;;;;;;;;;;;;x
W_L_790337;http://whitewolf.wikia.com/wiki/Damek_Ruthven;;;;;;;;;;;;x
W_L_790338;http://whitewolf.wikia.com/wiki/Ruthven;;;;;;;;;;;;x
W_L_790339;http://whitewolf.wikia.com/wiki/Darvag_Grozny;;;;;;;;;;;;x
W_L_790340;http://whitewolf.wikia.com/wiki/Gesu;;;;;;;;;;;;x
W_L_790341;http://whitewolf.wikia.com/wiki/Dracon;;;;;;;;;;;;x
W_L_790342;http://whitewolf.wikia.com/wiki/Visya;;;;;;;;;;;;x
W_L_790343;http://whitewolf.wikia.com/wiki/Zdravka;;;;;;;;;;;;x
W_L_790344;http://whitewolf.wikia.com/wiki/Milov_Petrenkov;;;;;;;;;;;;x
W_L_790345;http://whitewolf.wikia.com/wiki/Aajav;;;;;;;;;;;;x
W_L_790346;http://whitewolf.wikia.com/wiki/Oderic;;;;;;;;;;;;x
W_L_790347;http://whitewolf.wikia.com/wiki/Pard;;;;;;;;;;;;x
W_L_790348;http://whitewolf.wikia.com/wiki/Hukros;;;;;;;;;;;;x
W_L_790349;http://whitewolf.wikia.com/wiki/The_Ashen_Thief;;;;;;;;;;;;x
W_L_790350;http://whitewolf.wikia.com/wiki/Visigoth;;;;;;;;;;;;x
W_L_790351;http://whitewolf.wikia.com/wiki/Crone_(VTM);;;;;;;;;;;;x
W_L_790352;http://whitewolf.wikia.com/wiki/Iberia_by_Night;;;;;;;;;;;;x
W_L_790353;http://whitewolf.wikia.com/wiki/Anath;;;;;;;;;;;;x
W_L_790354;http://whitewolf.wikia.com/wiki/Veil_of_Night;;;;;;;;;;;;x
W_L_790355;http://whitewolf.wikia.com/wiki/Mohara;;;;;;;;;;;;x
W_L_790356;http://whitewolf.wikia.com/wiki/Ur-Shulgi;;;;;;;;;;;;x
W_L_790357;http://whitewolf.wikia.com/wiki/Weeping_Master;;;;;;;;;;;;x
W_L_790358;http://whitewolf.wikia.com/wiki/Mistress_Fanchon;;;;;;;;;;;;x
W_L_790359;http://whitewolf.wikia.com/wiki/Jervais;;;;;;;;;;;;x
W_L_790360;http://whitewolf.wikia.com/wiki/Malgorzata;;;;;;;;;;;;x
W_L_790361;http://whitewolf.wikia.com/wiki/Deverra;;;;;;;;;;;;x
W_L_790362;http://whitewolf.wikia.com/wiki/Ardan_Lane;;;;;;;;;;;;x
W_L_790363;http://whitewolf.wikia.com/wiki/House_of_Tremere;;;;;;;;;;;;x
W_L_790364;http://whitewolf.wikia.com/wiki/Epistatia;;;;;;;;;;;;x
W_L_790365;http://whitewolf.wikia.com/wiki/Paul_Cordwood;;;;;;;;;;;;x
W_L_790366;http://whitewolf.wikia.com/wiki/Viktor_Nagy;;;;;;;;;;;;x
W_L_790367;http://whitewolf.wikia.com/wiki/Moloch;;;;;;;;;;;;x
W_L_790368;http://whitewolf.wikia.com/wiki/Nergal_(VTM);;;;;;;;;;;;x
W_L_790369;http://whitewolf.wikia.com/wiki/Tanitbaal-Sahar;;;;;;;;;;;;x
W_L_790370;http://whitewolf.wikia.com/wiki/Mary_the_Black;;;;;;;;;;;;x
W_L_790371;http://whitewolf.wikia.com/wiki/Mirabelle;;;;;;;;;;;;x
W_L_790372;http://whitewolf.wikia.com/wiki/Fountains_of_Bright_Crimson;;;;;;;;;;;;x
W_L_790373;http://whitewolf.wikia.com/wiki/Ansen;;;;;;;;;;;;x
W_L_790374;http://whitewolf.wikia.com/wiki/Ansen;;;;;;;;;;;;x
W_L_790375;http://whitewolf.wikia.com/wiki/Josef_Zvi;;;;;;;;;;;;x
W_L_790376;http://whitewolf.wikia.com/wiki/Kothar;;;;;;;;;;;;x
;;;;;;;;;;;;;
W_L_790378;http://whitewolf.wikia.com/wiki/Zacchaeus;;;;;;;;;;;;x
W_L_790379;http://whitewolf.wikia.com/wiki/Malachite;;;;;;;;;;;;x
W_L_790380;http://whitewolf.wikia.com/wiki/Malachite;;;;;;;;;;;;x
W_L_790381;http://whitewolf.wikia.com/wiki/Rebekah_(Salubri);;;;;;;;;;;;x
W_L_790382;http://whitewolf.wikia.com/wiki/Rayzeel;;;;;;;;;;;;x
W_L_790383;http://whitewolf.wikia.com/wiki/Samiel;;;;;;;;;;;;x
W_L_790384;http://whitewolf.wikia.com/wiki/Ahab;;;;;;;;;;;;x
W_L_790385;http://whitewolf.wikia.com/wiki/Varsik;;;;;;;;;;;;x
W_L_790386;http://whitewolf.wikia.com/wiki/Vladovos;;;;;;;;;;;;x
W_L_790387;http://whitewolf.wikia.com/wiki/Zoe_(Ravnos);;;;;;;;;;;;x
W_L_790388;http://whitewolf.wikia.com/wiki/Gregorius_Lakeritos;;;;;;;;;;;;x
W_L_790389;http://whitewolf.wikia.com/wiki/Gregorius_Lakeritos;;;;;;;;;;;;x
W_L_790390;http://whitewolf.wikia.com/wiki/Veil_of_Night;;;;;;;;;;;;x
W_L_790391;http://whitewolf.wikia.com/wiki/Veil_of_Night;;;;;;;;;;;;x
W_L_790392;http://whitewolf.wikia.com/wiki/Varsik;;;;;;;;;;;;x
W_L_790393;http://whitewolf.wikia.com/wiki/Kahina;;;;;;;;;;;;x
W_L_790394;http://whitewolf.wikia.com/wiki/Andreas_Aegyptus;;;;;;;;;;;;x
W_L_790395;http://whitewolf.wikia.com/wiki/Amelia_Mapleridge;;;;;;;;;;;;x
W_L_790396;http://whitewolf.wikia.com/wiki/Teotukapis;;;;;;;;;;;;x
W_L_790397;http://whitewolf.wikia.com/wiki/Benedict_Alphonso;;;;;;;;;;;;x
W_L_790398;http://whitewolf.wikia.com/wiki/Sarrasine;;;;;;;;;;;;x
W_L_790399;http://whitewolf.wikia.com/wiki/Khay%27tall;;;;;;;;;;;;x
W_L_790400;http://whitewolf.wikia.com/wiki/Khay%27tall;;;;;;;;;;;;x
W_L_790401;http://whitewolf.wikia.com/wiki/Valdis_Hel-Bl%C3%A1r;;;;;;;;;;;;x
W_L_790402;http://whitewolf.wikia.com/wiki/Arnulf_Jormungandrsson;;;;;;;;;;;;x
W_L_790403;http://whitewolf.wikia.com/wiki/Transylvania_by_Night;;;;;;;;;;;;x
W_L_790404;http://whitewolf.wikia.com/wiki/Transylvania_by_Night;;;;;;;;;;;;x
W_L_790405;http://whitewolf.wikia.com/wiki/Mahatma;;;;;;;;;;;;x
W_L_790406;http://whitewolf.wikia.com/wiki/Pietro_Giovanni;;;;;;;;;;;;x
W_L_790407;http://whitewolf.wikia.com/wiki/Markus_Musa_Giovanni;;;;;;;;;;;;x
W_L_790408;http://whitewolf.wikia.com/wiki/Apacia;;;;;;;;;;;;x
W_L_790413;http://whitewolf.wikia.com/wiki/Wolfgang_von_Reismann;;;;;;;;;;;;x
W_L_790414;http://whitewolf.wikia.com/wiki/Stephen_Trevaine;;;;;;;;;;;;x
W_L_790415;http://whitewolf.wikia.com/wiki/1189_(cWOD);;;;;;;;;;;;x
W_L_790411;http://whitewolf.wikia.com/wiki/Transylvania_by_Night;;;;;;;;;;;;x
W_L_790412;http://whitewolf.wikia.com/wiki/Serenna;;;;;;;;;;;;x
W_L_790416;http://whitewolf.wikia.com/wiki/Valerius;;;;;;;;;;;;x
W_L_790417;http://whitewolf.wikia.com/wiki/Lady_Anne_Bowesley;;;;;;;;;;;;x
W_L_790418;http://whitewolf.wikia.com/wiki/Jan_Pieterzoon;;;;;;;;;;;;x
W_L_790419;http://whitewolf.wikia.com/wiki/Siegfried;;;;;;;;;;;;x
W_L_790420;http://whitewolf.wikia.com/wiki/Siegfried;;;;;;;;;;;;x
W_L_790421;http://whitewolf.wikia.com/wiki/Arakur_of_Ur;;;;;;;;;;;;x
W_L_790422;http://whitewolf.wikia.com/wiki/Lantla;;;;;;;;;;;;x
W_L_790423;http://whitewolf.wikia.com/wiki/Gotsdam;;;;;;;;;;;;x
W_L_790424;http://whitewolf.wikia.com/wiki/Dylan_Bruce;;;;;;;;;;;;x
W_L_790425;http://whitewolf.wikia.com/wiki/Medon;;;;;;;;;;;;x
W_L_790426;http://whitewolf.wikia.com/wiki/Medon;;;;;;;;;;;;x
W_L_790427;http://whitewolf.wikia.com/wiki/Aimeric_de_Cabaret;;;;;;;;;;;;x
W_L_790428;http://whitewolf.wikia.com/wiki/Aimeric_de_Cabaret;;;;;;;;;;;;x
W_L_790429;http://whitewolf.wikia.com/wiki/Matthew_Lubbock;;;;;;;;;;;;x
W_L_790430;http://whitewolf.wikia.com/wiki/Philippe_Vollgirre;;;;;;;;;;;;x
W_L_790431;http://whitewolf.wikia.com/wiki/Sebastian_Melmoth;;;;;;;;;;;;x
W_L_790432;http://whitewolf.wikia.com/wiki/Katherine_of_Montpellier;;;;;;;;;;;;x
W_L_790433;http://whitewolf.wikia.com/wiki/Katherine_of_Montpellier;;;;;;;;;;;;x
W_L_790434;http://whitewolf.wikia.com/wiki/Laurette_Morel;;;;;;;;;;;;x
W_L_790435;http://whitewolf.wikia.com/wiki/Laurette_Morel;;;;;;;;;;;;x
W_L_790436;http://whitewolf.wikia.com/wiki/Jerusalem_by_Night;;;;;;;;;;;;x
W_L_790437;http://whitewolf.wikia.com/wiki/Bjorn_Garinson;;;;;;;;;;;;x
W_L_790438;http://whitewolf.wikia.com/wiki/Bjorn_Garinson;;;;;;;;;;;;x
W_L_790439;http://whitewolf.wikia.com/wiki/James_the_Red;;;;;;;;;;;;x
W_L_790440;http://whitewolf.wikia.com/wiki/Jeremy_MacNeil;;;;;;;;;;;;x
W_L_790441;http://whitewolf.wikia.com/wiki/Geist_(VTM);;;;;;;;;;;;x
W_L_790442;http://whitewolf.wikia.com/wiki/Marguerite_Foccart;;;;;;;;;;;;x
W_L_790443;http://whitewolf.wikia.com/wiki/Salvador_Garc%C3%Ada;;;;;;;;;;;;x
W_L_790444;http://whitewolf.wikia.com/wiki/Salvador_Garc%C3%Ada;;;;;;;;;;;;x
W_L_790445;http://whitewolf.wikia.com/wiki/Armando_Rodriguez;;;;;;;;;;;;x
W_L_790446;http://whitewolf.wikia.com/wiki/Maria_Sandoza;;;;;;;;;;;;x
W_L_790447;http://whitewolf.wikia.com/wiki/Leopold_Valdemar;;;;;;;;;;;;x
W_L_790448;http://whitewolf.wikia.com/wiki/Talley;;;;;;;;;;;;x
W_L_790449;http://whitewolf.wikia.com/wiki/Tubalcain;;;;;;;;;;;;x
W_L_790450;http://whitewolf.wikia.com/wiki/Timofiev;;;;;;;;;;;;x
W_L_790451;http://whitewolf.wikia.com/wiki/Francisco_Domingo_de_Polonia;;;;;;;;;;;;x
W_L_790452;http://whitewolf.wikia.com/wiki/Francisco_Domingo_de_Polonia;;;;;;;;;;;;x
W_L_790453;http://whitewolf.wikia.com/wiki/Chlodobert_the_Lame;;;;;;;;;;;;x
W_L_790454;http://whitewolf.wikia.com/wiki/Charles_Delmare;;;;;;;;;;;;x
W_L_790455;http://whitewolf.wikia.com/wiki/Giangaleazzo;;;;;;;;;;;;x
W_L_790456;http://whitewolf.wikia.com/wiki/Giangaleazzo;;;;;;;;;;;;x
W_L_790457;http://whitewolf.wikia.com/wiki/Lambach_Ruthven;;;;;;;;;;;;x
W_L_790458;http://whitewolf.wikia.com/wiki/Dracula_(VTM);;;;;;;;;;;;x
W_L_790459;http://whitewolf.wikia.com/wiki/Lugoj;;;;;;;;;;;;x
W_L_790460;http://whitewolf.wikia.com/wiki/Radu_Bistri;;;;;;;;;;;;x
W_L_790461;http://whitewolf.wikia.com/wiki/Lukasz_Brancoveanu;;;;;;;;;;;;x
W_L_790462;http://whitewolf.wikia.com/wiki/Ioan_Brancoveanu;;;;;;;;;;;;x
W_L_790463;http://whitewolf.wikia.com/wiki/Elica;;;;;;;;;;;;x
W_L_790464;http://whitewolf.wikia.com/wiki/Gorchist;;;;;;;;;;;;x
W_L_790465;http://whitewolf.wikia.com/wiki/Djavakhi;;;;;;;;;;;;x
W_L_790466;http://whitewolf.wikia.com/wiki/Szechenyi_Jol%C3%A1n;;;;;;;;;;;;x
W_L_790467;http://whitewolf.wikia.com/wiki/New_Orleans_by_Night;;;;;;;;;;;;x
W_L_790468;http://whitewolf.wikia.com/wiki/New_Orleans_by_Night;;;;;;;;;;;;x
W_L_790469;http://whitewolf.wikia.com/wiki/Beckett%27s_Jyhad_Diary;;;;;;;;;;;;x
W_L_790470;http://whitewolf.wikia.com/wiki/Carna;;;;;;;;;;;;x
W_L_790471;http://whitewolf.wikia.com/wiki/Carna;;;;;;;;;;;;x
W_L_790472;http://whitewolf.wikia.com/wiki/Karl_Schrekt;;;;;;;;;;;;x
W_L_790473;http://whitewolf.wikia.com/wiki/Theresa_Kymena;;;;;;;;;;;;x
W_L_790474;http://whitewolf.wikia.com/wiki/Theresa_Kymena;;;;;;;;;;;;x
W_L_790475;http://whitewolf.wikia.com/wiki/Lucas_Halton;;;;;;;;;;;;x
W_L_790476;http://whitewolf.wikia.com/wiki/Therimna;;;;;;;;;;;;x
W_L_790477;http://whitewolf.wikia.com/wiki/Valerius_Maior;;;;;;;;;;;;x
W_L_790478;http://whitewolf.wikia.com/wiki/Karsh;;;;;;;;;;;;x
W_L_790479;http://whitewolf.wikia.com/wiki/Rhun_of_Tintagel;;;;;;;;;;;;x
W_L_790480;http://whitewolf.wikia.com/wiki/Xaviar;;;;;;;;;;;;x
W_L_790481;http://whitewolf.wikia.com/wiki/Kurru;;;;;;;;;;;;x
W_L_790482;http://whitewolf.wikia.com/wiki/Shabaqo;;;;;;;;;;;;x
W_L_790483;http://whitewolf.wikia.com/wiki/Viktor;;;;;;;;;;;;x
W_L_790484;http://whitewolf.wikia.com/wiki/Constantinople_by_Night;;;;;;;;;;;;x
W_L_790485;http://whitewolf.wikia.com/wiki/Lucian_(Gangrel);;;;;;;;;;;;x
W_L_790486;http://whitewolf.wikia.com/wiki/Mark_Decker;;;;;;;;;;;;x
W_L_790487;http://whitewolf.wikia.com/wiki/Wulfrick;;;;;;;;;;;;x
W_L_790488;http://whitewolf.wikia.com/wiki/The_Plague-Bride;;;;;;;;;;;;x
W_L_790489;http://whitewolf.wikia.com/wiki/Jacob_(Malkavian);;;;;;;;;;;;x
W_L_790490;http://whitewolf.wikia.com/wiki/Jacob_(Malkavian);;;;;;;;;;;;x
W_L_790491;http://whitewolf.wikia.com/wiki/Jeanette_Voerman;;;;;;;;;;;;x
W_L_790492;http://whitewolf.wikia.com/wiki/Bedelia;;;;;;;;;;;;x
W_L_790493;http://whitewolf.wikia.com/wiki/Bedelia;;;;;;;;;;;;x
W_L_790494;http://whitewolf.wikia.com/wiki/Alexander_Silverson;;;;;;;;;;;;x
W_L_790495;http://whitewolf.wikia.com/wiki/Ankou;;;;;;;;;;;;x
W_L_790496;http://whitewolf.wikia.com/wiki/Sennacherib;;;;;;;;;;;;x
W_L_790497;http://whitewolf.wikia.com/wiki/Sennacherib;;;;;;;;;;;;x
W_L_790498;http://whitewolf.wikia.com/wiki/Ayisha_Jocastian;;;;;;;;;;;;x
W_L_790499;http://whitewolf.wikia.com/wiki/Fabrizia_Conteraz;;;;;;;;;;;;x
W_L_790500;http://whitewolf.wikia.com/wiki/Fabrizia_Conteraz;;;;;;;;;;;;x
W_L_790501;http://whitewolf.wikia.com/wiki/Yima;;;;;;;;;;;;x
W_L_790502;http://whitewolf.wikia.com/wiki/Petrodon;;;;;;;;;;;;x
W_L_790503;http://whitewolf.wikia.com/wiki/Petrodon;;;;;;;;;;;;x
W_L_790508;http://whitewolf.wikia.com/wiki/Cock_Robin;;;;;;;;;;;;x
W_L_790505;http://whitewolf.wikia.com/wiki/Rabbat;;;;;;;;;;;;x
W_L_790507;http://whitewolf.wikia.com/wiki/Umm_al-Mawt;;;;;;;;;;;;x
W_L_790506;http://whitewolf.wikia.com/wiki/Mazen_ibn_Tarique;;;;;;;;;;;;x
W_L_790504;http://whitewolf.wikia.com/wiki/Rabbat;;;;;;;;;;;;x
W_L_790509;http://whitewolf.wikia.com/wiki/Mihail;;;;;;;;;;;;x
W_L_790510;http://whitewolf.wikia.com/wiki/Nahd_ibn_Raid;;;;;;;;;;;;x
W_L_790511;http://whitewolf.wikia.com/wiki/Nahd_ibn_Raid;;;;;;;;;;;;x
W_L_790512;http://whitewolf.wikia.com/wiki/Kemintiri;;;;;;;;;;;;x
W_L_790513;http://whitewolf.wikia.com/wiki/Ta-urt;;;;;;;;;;;;x
W_L_790514;http://whitewolf.wikia.com/wiki/Neferu;;;;;;;;;;;;x
W_L_790515;http://whitewolf.wikia.com/wiki/Ghede;;;;;;;;;;;;x
W_L_790516;http://whitewolf.wikia.com/wiki/Ezuli;;;;;;;;;;;;x
W_L_790517;http://whitewolf.wikia.com/wiki/Nefertiti;;;;;;;;;;;;x
W_L_790518;http://whitewolf.wikia.com/wiki/Sebehlsenkare;;;;;;;;;;;;x
W_L_790519;http://whitewolf.wikia.com/wiki/Hesha_Ruhadze;;;;;;;;;;;;x
W_L_790520;http://whitewolf.wikia.com/wiki/Hesha_Ruhadze;;;;;;;;;;;;x
W_L_790521;http://whitewolf.wikia.com/wiki/Sutekhankharen;;;;;;;;;;;;x
W_L_790522;http://whitewolf.wikia.com/wiki/Meribah;;;;;;;;;;;;x
W_L_790523;http://whitewolf.wikia.com/wiki/Izhim_ur-Baal;;;;;;;;;;;;x
W_L_790524;http://whitewolf.wikia.com/wiki/Enkara;;;;;;;;;;;;x
W_L_790525;http://whitewolf.wikia.com/wiki/Montgomery_Coven;;;;;;;;;;;;x
W_L_790526;http://whitewolf.wikia.com/wiki/Montgomery_Coven;;;;;;;;;;;;x
W_L_790527;http://whitewolf.wikia.com/wiki/Reza_Fatir;;;;;;;;;;;;x
W_L_790528;http://whitewolf.wikia.com/wiki/Kashan;;;;;;;;;;;;x
W_L_790529;http://whitewolf.wikia.com/wiki/Djuhah;;;;;;;;;;;;x
W_L_790530;http://whitewolf.wikia.com/wiki/Nakurtum;;;;;;;;;;;;x
W_L_790531;http://whitewolf.wikia.com/wiki/Libellus_Sanguinis_3:_Wolves_at_the_Door;;;;;;;;;;;;x
W_L_790533;http://whitewolf.wikia.com/wiki/Unre;;;;;;;;;;;;x
W_L_790534;http://whitewolf.wikia.com/wiki/Lord_Camden;;;;;;;;;;;;x
W_L_790535;http://whitewolf.wikia.com/wiki/Justus_Giovanni;;;;;;;;;;;;x
W_L_790536;http://whitewolf.wikia.com/wiki/Khurshid;;;;;;;;;;;;x
W_L_790537;http://whitewolf.wikia.com/wiki/Lamia_(Founder);;;;;;;;;;;;x
W_L_790538;http://whitewolf.wikia.com/wiki/Lorenzo_Putanesca;;;;;;;;;;;;x
W_L_790539;http://whitewolf.wikia.com/wiki/Shlomo_Rothstein;;;;;;;;;;;;x
W_L_790540;http://whitewolf.wikia.com/wiki/Shlomo_Rothstein;;;;;;;;;;;;x
W_L_790545;http://whitewolf.wikia.com/wiki/Annazir;;;;;;;;;;;;x
W_L_790546;http://whitewolf.wikia.com/wiki/Huitzilopochtli_(VTM);;;;;;;;;;;;x
W_L_790547;http://whitewolf.wikia.com/wiki/Huitzilopochtli_(VTM);;;;;;;;;;;;x
W_L_790548;http://whitewolf.wikia.com/wiki/The_Beast_Within;;;;;;;;;;;;x
W_L_790549;http://whitewolf.wikia.com/wiki/The_Beast_Within;;;;;;;;;;;;x
W_L_790550;http://whitewolf.wikia.com/wiki/The_Beast_Within;;;;;;;;;;;;x
W_L_790551;http://whitewolf.wikia.com/wiki/Francisca_Santos_dos_Rodriguez;;;;;;;;;;;;x
W_L_790552;http://whitewolf.wikia.com/wiki/The_Ashen_Thief;;;;;;;;;;;;x
W_L_790553;http://whitewolf.wikia.com/wiki/The_Ashen_Thief;;;;;;;;;;;;x
W_L_790554;http://whitewolf.wikia.com/wiki/The_Cainite_Conspiracies_Anthology;;;;;;;;;;;;x
W_L_790555;http://whitewolf.wikia.com/wiki/The_Cainite_Conspiracies_Anthology;;;;;;;;;;;;x
W_L_790556;http://whitewolf.wikia.com/wiki/The_Cainite_Conspiracies_Anthology;;;;;;;;;;;;x
W_L_790557;http://whitewolf.wikia.com/wiki/V20_Dark_Ages_Companion;;;;;;;;;;;;x
W_L_790558;http://whitewolf.wikia.com/wiki/V20_Dark_Ages_Companion;;;;;;;;;;;;x
W_L_790559;http://whitewolf.wikia.com/wiki/Ithuriel;;;;;;;;;;;;x
W_L_790560;http://whitewolf.wikia.com/wiki/Hillel;;;;;;;;;;;;x
W_L_790561;http://whitewolf.wikia.com/wiki/Gabriel_(seventh_generation_Salubri);;;;;;;;;;;;x
W_L_790562;http://whitewolf.wikia.com/wiki/Althea_of_Phillipus;;;;;;;;;;;;x
W_L_790563;http://whitewolf.wikia.com/wiki/Adonai;;;;;;;;;;;;x
W_L_505108;http://whitewolf.wikia.com/wiki/Danika_Ruthven;;;;;;;;;;;;x
W_L_790564;http://whitewolf.wikia.com/wiki/Bruce_de_Guy;;;;;;;;;;;;x
W_L_790565;http://whitewolf.wikia.com/wiki/Michaela;;;;;;;;;;;;x
W_L_790566;http://whitewolf.wikia.com/wiki/Hellene_Panhard;;;;;;;;;;;;x
W_L_790567;http://whitewolf.wikia.com/wiki/Nefer-meri-Isis;;;;;;;;;;;;x
W_L_790568;http://whitewolf.wikia.com/wiki/Anushin-Rawan;;;;;;;;;;;;x
W_L_790569;http://whitewolf.wikia.com/wiki/Datura;;;;;;;;;;;;x
W_L_790570;http://whitewolf.wikia.com/wiki/Olaf_Holte;;;;;;;;;;;;x
W_L_790571;http://whitewolf.wikia.com/wiki/Kevin_Jackson;;;;;;;;;;;;x
W_L_790572;http://whitewolf.wikia.com/wiki/Maltheas;;;;;;;;;;;;x
W_L_790573;http://whitewolf.wikia.com/wiki/Tepelit;;;;;;;;;;;;x
W_L_790574;http://whitewolf.wikia.com/wiki/Blue_Eye;;;;;;;;;;;;x
W_L_790575;http://whitewolf.wikia.com/wiki/Monica_Black;;;;;;;;;;;;x
W_L_790576;http://whitewolf.wikia.com/wiki/Cynthia_Black;;;;;;;;;;;;x
W_L_790577;http://whitewolf.wikia.com/wiki/Matteo;;;;;;;;;;;;x
W_L_790578;http://whitewolf.wikia.com/wiki/Menuven;;;;;;;;;;;;x
W_L_790579;http://whitewolf.wikia.com/wiki/Nabatean;;;;;;;;;;;;x
W_L_790580;http://whitewolf.wikia.com/wiki/Nabatean;;;;;;;;;;;;x
W_L_790581;http://whitewolf.wikia.com/wiki/Veil_of_Night;;;;;;;;;;;;x
W_L_790582;http://whitewolf.wikia.com/wiki/Veil_of_Night;;;;;;;;;;;;x
W_L_790583;http://whitewolf.wikia.com/wiki/Leila_Monroe;;;;;;;;;;;;x
W_L_790584;http://whitewolf.wikia.com/wiki/Leila_Monroe;;;;;;;;;;;;x
W_L_790585;http://whitewolf.wikia.com/wiki/Virginie;;;;;;;;;;;;x
W_L_790586;http://whitewolf.wikia.com/wiki/Virginie;;;;;;;;;;;;x
W_L_790587;http://whitewolf.wikia.com/wiki/Maria_(VTM);;;;;;;;;;;;x
W_L_790588;http://whitewolf.wikia.com/wiki/Annabelle_Triabell;;;;;;;;;;;;x
W_L_790589;http://whitewolf.wikia.com/wiki/Modius;;;;;;;;;;;;x
W_L_790590;http://whitewolf.wikia.com/wiki/Victoria_Ash;;;;;;;;;;;;x
W_L_790591;http://whitewolf.wikia.com/wiki/Victoria_Ash;;;;;;;;;;;;x
W_L_790592;http://whitewolf.wikia.com/wiki/Calida;;;;;;;;;;;;x
W_L_790593;http://whitewolf.wikia.com/wiki/Calida;;;;;;;;;;;;x
W_L_790594;http://whitewolf.wikia.com/wiki/Gabriel_de_Cambrai;;;;;;;;;;;;x
W_L_790595;http://whitewolf.wikia.com/wiki/Vidal_Jarbeaux;;;;;;;;;;;;x
W_L_790596;http://whitewolf.wikia.com/wiki/Vidal_Jarbeaux;;;;;;;;;;;;x
W_L_790597;http://whitewolf.wikia.com/wiki/Edward_Williams;;;;;;;;;;;;x
W_L_790598;http://whitewolf.wikia.com/wiki/Violetta;;;;;;;;;;;;x
W_L_790599;http://whitewolf.wikia.com/wiki/Velvet_Velour;;;;;;;;;;;;x
W_L_790600;http://whitewolf.wikia.com/wiki/Madame_Guil;;;;;;;;;;;;x
W_L_790601;http://whitewolf.wikia.com/wiki/Marhuel;;;;;;;;;;;;x
W_L_790602;http://whitewolf.wikia.com/wiki/Ecaterina_the_Wise#cite_note-3;;;;;;;;;;;;x
W_L_790603;http://whitewolf.wikia.com/wiki/Mama_Lion;;;;;;;;;;;;x
W_L_790605;http://whitewolf.wikia.com/wiki/Jenna_Cross#cite_note-wtoj-vtm-0;;;;;;;;;;;;x
W_L_790604;http://whitewolf.wikia.com/wiki/Smiling_Jack;;;;;;;;;;;;x
W_L_790606;http://whitewolf.wikia.com/wiki/Don_Cerro;;;;;;;;;;;;x
W_L_790607;http://whitewolf.wikia.com/wiki/Don_Cerro;;;;;;;;;;;;x
W_L_790608;http://whitewolf.wikia.com/wiki/Theo_Bell;;;;;;;;;;;;x
W_L_790609;http://whitewolf.wikia.com/wiki/Dmitra_Ilyanova;;;;;;;;;;;;x
W_L_790610;http://whitewolf.wikia.com/wiki/Carlak;;;;;;;;;;;;x
W_L_790611;http://whitewolf.wikia.com/wiki/Alexander_Meuser;;;;;;;;;;;;x
W_L_790612;http://whitewolf.wikia.com/wiki/Andeleon;;;;;;;;;;;;x
W_L_790613;http://whitewolf.wikia.com/wiki/Janek_Ritka;;;;;;;;;;;;x
W_L_790614;http://whitewolf.wikia.com/wiki/Jaromir_Cerny;;;;;;;;;;;;x
W_L_790615;http://whitewolf.wikia.com/wiki/Marelle;;;;;;;;;;;;x
W_L_790616;http://whitewolf.wikia.com/wiki/Andras_Tholdy;;;;;;;;;;;;x
W_L_790617;http://whitewolf.wikia.com/wiki/Kazimir_Savostin;;;;;;;;;;;;x
W_L_790618;http://whitewolf.wikia.com/wiki/Minerva_Schwalke-Wojtkiewicz;;;;;;;;;;;;x
W_L_790619;http://whitewolf.wikia.com/wiki/Demdemeh;;;;;;;;;;;;x
W_L_790620;http://whitewolf.wikia.com/wiki/Sycorax;;;;;;;;;;;;x
W_L_790621;http://whitewolf.wikia.com/wiki/Landulf_II;;;;;;;;;;;;x
W_L_790622;http://whitewolf.wikia.com/wiki/Mukhtar_Bey;;;;;;;;;;;;x
W_L_790623;http://whitewolf.wikia.com/wiki/The_Stoneman;;;;;;;;;;;;x
W_L_790624;http://whitewolf.wikia.com/wiki/Joseph_Pander;;;;;;;;;;;;x
W_L_790625;http://whitewolf.wikia.com/wiki/Alfred_Benezri;;;;;;;;;;;;x
W_L_790626;http://whitewolf.wikia.com/wiki/Alfred_Benezri;;;;;;;;;;;;x
W_L_790627;http://whitewolf.wikia.com/wiki/Nicolai_Antonescu;;;;;;;;;;;;x
W_L_790628;http://whitewolf.wikia.com/wiki/Nicolai_Antonescu;;;;;;;;;;;;x
W_L_790629;http://whitewolf.wikia.com/wiki/Abraham_DuSable;;;;;;;;;;;;x
W_L_790630;http://whitewolf.wikia.com/wiki/Maldavis;;;;;;;;;;;;x
W_L_790631;http://whitewolf.wikia.com/wiki/Elimelech;;;;;;;;;;;;x
W_L_790632;http://whitewolf.wikia.com/wiki/Louhi;;;;;;;;;;;;x
W_L_790633;http://whitewolf.wikia.com/wiki/Louhi;;;;;;;;;;;;x
W_L_790634;http://whitewolf.wikia.com/wiki/Lados;;;;;;;;;;;;x
W_L_790635;http://whitewolf.wikia.com/wiki/Lados;;;;;;;;;;;;x
W_L_790636;http://whitewolf.wikia.com/wiki/William_Biltmore;;;;;;;;;;;;x
W_L_790637;http://whitewolf.wikia.com/wiki/Marge_Kahn;;;;;;;;;;;;x
W_L_790638;http://whitewolf.wikia.com/wiki/Quentin_King_III;;;;;;;;;;;;x
W_L_790639;http://whitewolf.wikia.com/wiki/Alessio_Rinaldi;;;;;;;;;;;;x
W_L_790640;http://whitewolf.wikia.com/wiki/Alessio_Rinaldi;;;;;;;;;;;;x
W_L_790641;http://whitewolf.wikia.com/wiki/Harold_Zettler;;;;;;;;;;;;x
W_L_790642;http://whitewolf.wikia.com/wiki/Theophana;;;;;;;;;;;;x
W_L_790643;http://whitewolf.wikia.com/wiki/Vola_the_Red;;;;;;;;;;;;x
W_L_790644;http://whitewolf.wikia.com/wiki/Wulfgar;;;;;;;;;;;;x
W_L_790645;http://whitewolf.wikia.com/wiki/Karen_Anatos;;;;;;;;;;;;x
W_L_790646;http://whitewolf.wikia.com/wiki/Beckett;;;;;;;;;;;;x
W_L_790647;http://whitewolf.wikia.com/wiki/The_Egyptian;;;;;;;;;;;;x
W_L_790648;http://whitewolf.wikia.com/wiki/Inyanga;;;;;;;;;;;;x
W_L_790649;http://whitewolf.wikia.com/wiki/Alex_Swift;;;;;;;;;;;;x
W_L_790650;http://whitewolf.wikia.com/wiki/Geoffrey_Leigh;;;;;;;;;;;;x
W_L_790651;http://whitewolf.wikia.com/wiki/A_World_of_Darkness_Second_Edition;;;;;;;;;;;;x
W_L_790652;http://whitewolf.wikia.com/wiki/Fr%C3%A8re_Marc;;;;;;;;;;;;x
W_L_790653;http://whitewolf.wikia.com/wiki/Danielle_Diron;;;;;;;;;;;;x
W_L_790654;http://whitewolf.wikia.com/wiki/Art_Morgan;;;;;;;;;;;;x
W_L_710402;http://whitewolf.wikia.com/wiki/Cairo_by_Night;;;;;;;;;;;;x
W_L_710403;http://whitewolf.wikia.com/wiki/Cairo_by_Night;;;;;;;;;;;;x
W_L_790655;http://whitewolf.wikia.com/wiki/Abu_Ilaf;;;;;;;;;;;;x
W_L_790656;http://whitewolf.wikia.com/wiki/%27Adnun;;;;;;;;;;;;x
W_L_790657;http://whitewolf.wikia.com/wiki/Abdalkutba;;;;;;;;;;;;x
W_L_790658;http://whitewolf.wikia.com/wiki/Janni;;;;;;;;;;;;x
W_L_790659;http://whitewolf.wikia.com/wiki/Janni;;;;;;;;;;;;x
W_L_790660;http://whitewolf.wikia.com/wiki/Yazid_Tamari;;;;;;;;;;;;x
W_L_790661;http://whitewolf.wikia.com/wiki/Tariq_the_Silent;;;;;;;;;;;;x
W_L_790662;http://whitewolf.wikia.com/wiki/Tariq_the_Silent;;;;;;;;;;;;x
W_L_790663;http://whitewolf.wikia.com/wiki/The_Art_of_Vampire:_The_Masquerade;;;;;;;;;;;;x
W_L_790664;http://whitewolf.wikia.com/wiki/The_Black_Hand:_A_Guide_to_the_Tal%E2%80%99Mahe%E2%80%99Ra;;;;;;;;;;;;x
W_L_790665;http://whitewolf.wikia.com/wiki/The_Black_Hand:_A_Guide_to_the_Tal%E2%80%99Mahe%E2%80%99Ra;;;;;;;;;;;;x
W_L_790666;http://whitewolf.wikia.com/wiki/Beckett%27s_Jyhad_Diary;;;;;;;;;;;;x
W_L_790667;http://whitewolf.wikia.com/wiki/Clanbook:_Assamite_Revised;;;;;;;;;;;;x
W_L_790668;http://whitewolf.wikia.com/wiki/Reiner_Stotschka;;;;;;;;;;;;x
W_L_790669;http://whitewolf.wikia.com/wiki/Theresia_the_Songbird;;;;;;;;;;;;x
W_L_790670;http://whitewolf.wikia.com/wiki/Theresia_the_Songbird;;;;;;;;;;;;x
W_L_790671;http://whitewolf.wikia.com/wiki/Phaedyme_(Ventrue);;;;;;;;;;;;x
W_L_790672;http://whitewolf.wikia.com/wiki/The_Black_Hand:_A_Guide_to_the_Tal%27Mahe%27Ra;;;;;;;;;;;;x
W_L_790673;http://whitewolf.wikia.com/wiki/The_Black_Hand:_A_Guide_to_the_Tal%27Mahe%27Ra;;;;;;;;;;;;x
W_L_790674;http://whitewolf.wikia.com/wiki/The_Black_Hand:_A_Guide_to_the_Tal%27Mahe%27Ra;;;;;;;;;;;;x
W_L_790677;http://whitewolf.wikia.com/wiki/Roderigo_al-Dakhil;;;;;;;;;;;;x
W_L_790675;http://whitewolf.wikia.com/wiki/The_Black_Hand:_A_Guide_to_the_Tal%27Mahe%27Ra;;;;;;;;;;;;x
W_L_790676;http://whitewolf.wikia.com/wiki/The_Black_Hand:_A_Guide_to_the_Tal%27Mahe%27Ra;;;;;;;;;;;;x
W_L_790677;http://whitewolf.wikia.com/wiki/Roderigo_al-Dakhil;;;;;;;;;;;;x
W_L_790678;http://whitewolf.wikia.com/wiki/Roderigo_al-Dakhil;;;;;;;;;;;;x
W_L_790679;http://whitewolf.wikia.com/wiki/Pisha;;;;;;;;;;;;x
W_L_790680;http://whitewolf.wikia.com/wiki/Beckett%27s_Jyhad_Diary;;;;;;;;;;;;x
W_L_790681;http://whitewolf.wikia.com/wiki/The_Black_Hand:_A_Guide_to_the_Tal%27Mahe%27Ra;;;;;;;;;;;;x
W_L_790682;http://whitewolf.wikia.com/wiki/The_Black_Hand:_A_Guide_to_the_Tal%27Mahe%27Ra;;;;;;;;;;;;x
W_L_790683;http://whitewolf.wikia.com/wiki/The_Black_Hand:_A_Guide_to_the_Tal%27Mahe%27Ra;;;;;;;;;;;;x
W_L_790684;http://whitewolf.wikia.com/wiki/The_Black_Hand:_A_Guide_to_the_Tal%27Mahe%27Ra;;;;;;;;;;;;x
W_L_790685;http://whitewolf.wikia.com/wiki/Beckett%27s_Jyhad_Diary;;;;;;;;;;;;x
W_L_790686;http://whitewolf.wikia.com/wiki/Beckett%27s_Jyhad_Diary;;;;;;;;;;;;x
W_L_790687;http://whitewolf.wikia.com/wiki/Beckett%27s_Jyhad_Diary;;;;;;;;;;;;x
W_L_790688;http://whitewolf.wikia.com/wiki/Beckett%27s_Jyhad_Diary;;;;;;;;;;;;x
W_L_790689;http://whitewolf.wikia.com/wiki/Enrathi;;;;;;;;;;;;x
W_L_790690;http://whitewolf.wikia.com/wiki/Beckett%27s_Jyhad_Diary;;;;;;;;;;;;x
W_L_790691;http://whitewolf.wikia.com/wiki/Beckett%27s_Jyhad_Diary;;;;;;;;;;;;x
W_L_790692;http://whitewolf.wikia.com/wiki/Beckett%27s_Jyhad_Diary;;;;;;;;;;;;x
W_L_790694;http://whitewolf.wikia.com/wiki/Serenna;;;;;;;;;;;;x
W_L_790693;http://whitewolf.wikia.com/wiki/Beckett%27s_Jyhad_Diary;;;;;;;;;;;;x
W_L_790695;http://whitewolf.wikia.com/wiki/Sylvester_Marlowe;;;;;;;;;;;;x
W_L_790696;http://whitewolf.wikia.com/wiki/Grimaldi;;;;;;;;;;;;x
W_L_790697;http://whitewolf.wikia.com/wiki/Grimaldi;;;;;;;;;;;;x
W_L_790698;http://whitewolf.wikia.com/wiki/Guide_to_the_Anarchs;;;;;;;;;;;;x
W_L_790699;http://whitewolf.wikia.com/wiki/Clanbook:_Ventrue_Revised;;;;;;;;;;;;x
W_L_790700;http://whitewolf.wikia.com/wiki/Germaine;;;;;;;;;;;;x
W_L_790701;http://whitewolf.wikia.com/wiki/The_Kindred_Most_Wanted_(book);;;;;;;;;;;;x
W_L_790702;http://whitewolf.wikia.com/wiki/Transylvania_Chronicles_III:_Ill_Omens;;;;;;;;;;;;x
W_L_790703;http://whitewolf.wikia.com/wiki/Transylvania_Chronicles_III:_Ill_Omens;;;;;;;;;;;;x
W_L_790704;http://whitewolf.wikia.com/wiki/Guide_to_the_Anarchs;;;;;;;;;;;;x
W_L_790705;http://whitewolf.wikia.com/wiki/Mnemach;;;;;;;;;;;;x
W_L_790706;http://whitewolf.wikia.com/wiki/John_Dee_(cWOD);;;;;;;;;;;;x
W_L_790707;http://whitewolf.wikia.com/wiki/Colm_Olliver;;;;;;;;;;;;x
W_L_790708;http://whitewolf.wikia.com/wiki/Colm_Olliver;;;;;;;;;;;;x
W_L_790709;http://whitewolf.wikia.com/wiki/Tyler;;;;;;;;;;;;x
W_L_790710;http://whitewolf.wikia.com/wiki/Victorian_Age:_Vampire_Rulebook;;;;;;;;;;;;x
W_L_790711;http://whitewolf.wikia.com/wiki/Victorian_Age:_Vampire_Rulebook;;;;;;;;;;;;x
W_L_790712;http://whitewolf.wikia.com/wiki/Beckett%27s_Jyhad_Diary;;;;;;;;;;;;x
W_L_790713;http://whitewolf.wikia.com/wiki/Beckett%27s_Jyhad_Diary;;;;;;;;;;;;x
W_L_790714;http://whitewolf.wikia.com/wiki/Bron_Mac_Fionn;;;;;;;;;;;;x
W_L_790715;http://whitewolf.wikia.com/wiki/Danny_O%27Doul;;;;;;;;;;;;x
W_L_790716;http://whitewolf.wikia.com/wiki/Darmoth_Moorswalker;;;;;;;;;;;;x
W_L_790717;http://whitewolf.wikia.com/wiki/Longtooth_Soulkiller;;;;;;;;;;;;x
W_L_790718;http://whitewolf.wikia.com/wiki/Guide_to_the_Anarchs;;;;;;;;;;;;x
W_L_790719;http://whitewolf.wikia.com/wiki/Demba_Makemba_Adoula;;;;;;;;;;;;x
W_L_790720;http://whitewolf.wikia.com/wiki/Demba_Makemba_Adoula;;;;;;;;;;;;x
W_L_790721;http://whitewolf.wikia.com/wiki/Clan_Novel_Trilogy_Lasombra_3:_Sacrifices;;;;;;;;;;;;x
W_L_790722;http://whitewolf.wikia.com/wiki/Alfonso_Lopez;;;;;;;;;;;;x
W_L_790723;http://whitewolf.wikia.com/wiki/Guide_to_the_Anarchs;;;;;;;;;;;;x
W_L_790724;http://whitewolf.wikia.com/wiki/Guide_to_the_Anarchs;;;;;;;;;;;;x
W_L_790725;http://whitewolf.wikia.com/wiki/Raymond_Narcisse;;;;;;;;;;;;x
W_L_790726;http://whitewolf.wikia.com/wiki/Raymond_Narcisse;;;;;;;;;;;;x
W_L_790727;http://whitewolf.wikia.com/wiki/Julius_Sutphen;;;;;;;;;;;;x
W_L_790728;http://whitewolf.wikia.com/wiki/Julius_Sutphen;;;;;;;;;;;;x
W_L_790729;http://whitewolf.wikia.com/wiki/Si%27Djeha;;;;;;;;;;;;x
W_L_790730;http://whitewolf.wikia.com/wiki/Dirty_Secrets_of_the_Black_Hand;;;;;;;;;;;;x
W_L_790731;http://whitewolf.wikia.com/wiki/Eletria;;;;;;;;;;;;x
W_L_790732;http://whitewolf.wikia.com/wiki/Allicia;;;;;;;;;;;;x
W_L_790733;http://whitewolf.wikia.com/wiki/Nights_of_Prophecy;;;;;;;;;;;;x
W_L_790734;http://whitewolf.wikia.com/wiki/Nights_of_Prophecy;;;;;;;;;;;;x
W_L_790736;http://whitewolf.wikia.com/wiki/Beckett%27s_Jyhad_Diary;;;;;;;;;;;;x
W_L_790737;http://whitewolf.wikia.com/wiki/Mustafa;;;;;;;;;;;;x
W_L_790740;http://whitewolf.wikia.com/wiki/Beckett%27s_Jyhad_Diary;;;;;;;;;;;;x
W_L_790741;http://whitewolf.wikia.com/wiki/Mitru;;;;;;;;;;;;x
W_L_790742;http://whitewolf.wikia.com/wiki/Beckett%27s_Jyhad_Diary;;;;;;;;;;;;x
W_L_790743;http://whitewolf.wikia.com/wiki/Guide_to_the_Anarchs;;;;;;;;;;;;x
W_L_790744;http://whitewolf.wikia.com/wiki/Morrow_the_Sage;;;;;;;;;;;;x
W_L_790745;http://whitewolf.wikia.com/wiki/List_of_Princes_(VTM);;;;;;;;;;;;x
W_L_790746;http://whitewolf.wikia.com/wiki/Victorian_Age:_Vampire_Rulebook;;;;;;;;;;;;x
W_L_790747;http://whitewolf.wikia.com/wiki/Victorian_Age:_Vampire_Rulebook;;;;;;;;;;;;x
W_L_790748;http://whitewolf.wikia.com/wiki/Victorian_Age:_Vampire_Rulebook;;;;;;;;;;;;x
W_L_790749;http://whitewolf.wikia.com/wiki/Victorian_Age:_Vampire_Rulebook;;;;;;;;;;;;x
W_L_790750;http://whitewolf.wikia.com/wiki/Beckett%27s_Jyhad_Diary;;;;;;;;;;;;x
W_L_790751;http://whitewolf.wikia.com/wiki/Beckett%27s_Jyhad_Diary;;;;;;;;;;;;x
W_L_790752;https://en.wikipedia.org/wiki/Ontsifor_Lukinich;;;;;;;;;;;;x
W_L_790753;https://en.wikipedia.org/wiki/Kudeyar;;;;;;;;;;;;x
W_L_790754;https://en.wikipedia.org/wiki/Pugachev%27s_Rebellion;;;;;;;;;;;;x
W_L_790755;https://en.wikipedia.org/wiki/Sophia_Perovskaya;;;;;;;;;;;;x
W_L_790756;https://en.wikipedia.org/wiki/Alena_Arzamasskaia;;;;;;;;;;;;x
W_L_790757;https://en.wikipedia.org/wiki/Vera_Zasulich;;;;;;;;;;;;x
W_L_790758;http://whitewolf.wikia.com/wiki/Tamara_Tvarivich;;;;;;;;;;;;x
W_L_790759;http://whitewolf.wikia.com/wiki/Grimfang;;;;;;;;;;;;x
W_L_790760;http://whitewolf.wikia.com/wiki/Sings-for-the-Beast;;;;;;;;;;;;x
W_L_790761;http://whitewolf.wikia.com/wiki/Victorian_Age:_Vampire_Rulebook;;;;;;;;;;;;x
W_L_790762;http://whitewolf.wikia.com/wiki/The_Cainite_Conspiracies_Anthology;;;;;;;;;;;;x
W_L_790763;http://whitewolf.wikia.com/wiki/Victorian_Age:_Vampire_Rulebook;;;;;;;;;;;;x
W_L_790764;http://whitewolf.wikia.com/wiki/Gehenna_(book);;;;;;;;;;;;x
W_L_790765;http://whitewolf.wikia.com/wiki/Victorian_Age:_Vampire_Rulebook;;;;;;;;;;;;x
W_L_790766;http://whitewolf.wikia.com/wiki/Beckett%27s_Jyhad_Diary;;;;;;;;;;;;x
W_L_790767;http://whitewolf.wikia.com/wiki/Alexius;;;;;;;;;;;;x
W_L_790768;http://whitewolf.wikia.com/wiki/Strohmann;;;;;;;;;;;;x
W_L_790769;http://whitewolf.wikia.com/wiki/Ellison_Humboldt;;;;;;;;;;;;x
W_L_790770;http://whitewolf.wikia.com/wiki/Maxwell_Ldescu;;;;;;;;;;;;x
W_L_790771;http://whitewolf.wikia.com/wiki/Berlin_by_Night;;;;;;;;;;;;x
W_L_790772;http://whitewolf.wikia.com/wiki/Berlin_by_Night;;;;;;;;;;;;x
W_L_790773;http://whitewolf.wikia.com/wiki/The_Black_Hand:_A_Guide_to_the_Tal%E2%80%99Mahe%E2%80%99Ra;;;;;;;;;;;;x
W_L_790774;http://whitewolf.wikia.com/wiki/The_Black_Hand:_A_Guide_to_the_Tal%E2%80%99Mahe%E2%80%99Ra;;;;;;;;;;;;x
W_L_790779;https://whitewolf.fandom.com/wiki/Ngalo_Umbeke;;;;;;;;;;;;x
W_L_790780;https://whitewolf.fandom.com/wiki/Bitiurges;;;;;;;;;;;;x
W_L_790781;https://whitewolf.fandom.com/wiki/Hrothulf;;;;;;;;;;;;x
W_L_790782;https://whitewolf.fandom.com/wiki/Hrothulf;;;;;;;;;;;;x
W_L_790783;https://whitewolf.fandom.com/wiki/Anna_Petrova;;;;;;;;;;;;x
W_L_790784;https://whitewolf.fandom.com/wiki/Troglodytia;;;;;;;;;;;;x
W_L_790785;https://whitewolf.fandom.com/wiki/Angelique_Stravinsky;;;;;;;;;;;;x
W_L_790786;https://whitewolf.fandom.com/wiki/Ragnar_Asgrimsson;;;;;;;;;;;;x
W_L_790787;https://whitewolf.fandom.com/wiki/Yael;;;;;;;;;;;;x
W_L_790788;https://whitewolf.fandom.com/wiki/Anna_Magdelena;;;;;;;;;;;;x
W_L_790789;https://whitewolf.fandom.com/wiki/Paul_Bathalos;;;;;;;;;;;;x
W_L_790790;https://whitewolf.fandom.com/wiki/Addemar;;;;;;;;;;;;x
W_L_790791;https://whitewolf.fandom.com/wiki/Owain;;;;;;;;;;;;x
W_L_790792;https://whitewolf.fandom.com/wiki/Dark_Ages_Europe;;;;;;;;;;;;x
W_L_790793;https://whitewolf.fandom.com/wiki/Die_Stadt,_Das_Blut,_Der_Tod:_Frankfurt_bei_Nacht;;;;;;;;;;;;x
W_L_790794;https://whitewolf.fandom.com/wiki/Dark_Ages_Clan_Novel_10:_Gangrel;;;;;;;;;;;;x
W_L_790795;https://whitewolf.fandom.com/wiki/Manfred_von_Schorr;;;;;;;;;;;;x
W_L_505159;https://whitewolf.fandom.com/wiki/Enrico;;;;;;;;;;;;x
W_L_505156;https://whitewolf.fandom.com/wiki/Thomas_Feroux;;;;;;;;;;;;x
W_L_505157;https://whitewolf.fandom.com/wiki/Marie_Feroux;;;;;;;;;;;;x
W_L_505158;https://whitewolf.fandom.com/wiki/Anna_Sgorina;;;;;;;;;;;;x
W_L_505168;https://whitewolf.fandom.com/wiki/Paliuro_Rustucci;;;;;;;;;;;;x
W_L_505162;https://whitewolf.fandom.com/wiki/Venice_(WOD);;;;;;;;;;;;x
W_L_790796;https://whitewolf.fandom.com/wiki/Enrico;;;;;;;;;;;;x
W_L_505167;https://whitewolf.fandom.com/wiki/Dark_Ages_Europe;;;;;;;;;;;;x
W_L_790797;https://whitewolf.fandom.com/wiki/Constantinople_by_Night;;;;;;;;;;;;x
W_L_790798;http://whitewolf.wikia.com/wiki/Maria_D%27Agostino;;;;;;;;;;;;x
W_L_790799;https://whitewolf.fandom.com/wiki/V20_Dark_Ages_Companion;;;;;;;;;;;;x
