EVTDESC_POD_CWOD_join_society;You wish to join the society?;;;;;;;;;;;;;x
EVTOPTA_POD_CWOD_join_society;I do.;;;;;;;;;;;;;x
EVTOPTB_POD_CWOD_join_society;I'm not so sure anymore.;;;;;;;;;;;;;x
secret_religious_society_template_desc;Adherence to a secret supernatural sect;;;;;;;;;;;;;x
secret_religious_society_template_rank_4_female;Paragon;;;;;;;;;;;;;x
secret_religious_society_template_rank_4_male;Paragon;;;;;;;;;;;;;x
secret_religious_society_template_rank_3_female;Mentor;;;;;;;;;;;;;x
secret_religious_society_template_rank_3_male;Mentor;;;;;;;;;;;;;x
secret_religious_society_template_rank_2_female;Adherent;;;;;;;;;;;;;x
secret_religious_society_template_rank_2_male;Adherent;;;;;;;;;;;;;x
secret_religious_society_template_rank_1_female;Initiate;;;;;;;;;;;;;x
secret_religious_society_template_rank_1_male;Initiate;;;;;;;;;;;;;x
secret_religious_society_invictus;Invictus;;;;;;;;;;;;;x
secret_religious_society_invictus_DESC;This covenant makes claim to be the aristocracy of the night;;;;;;;;;;;;;x
secret_religious_society_lancea_sanctum;Lancea et Sanctum;;;;;;;;;;;;;x
secret_religious_society_lancea_sanctum_DESC;Covenant seeks to influence Kindred society with the strictures of Longinus, who is believed to have been turned into one of the Damned by the very blood of Christ;;;;;;;;;;;;;x
secret_religious_society_al-amin;al-Amin;;;;;;;;;;;;;x
secret_religious_society_al-amin_DESC;Muslim vampire nobility;;;;;;;;;;;;;x
secret_religious_society_banu_shaitan;Banu Shaitan;;;;;;;;;;;;;x
secret_religious_society_banu_shaitan_DESC;Devout muslim vampires;;;;;;;;;;;;;x
secret_religious_society_dammatic_creed;Dammatic;;;;;;;;;;;;;x
secret_religious_society_dammatic_creed_DESC;Jewish vampires;;;;;;;;;;;;;x
secret_religious_society_livian;Livian;;;;;;;;;;;;;x
secret_religious_society_livian_DESC;Vampires who believe the mother of Longinus was also a vampire.  A syncretic heretical merger of the Testament of Longinus with the Circle of the Crone; hated by both.;;;;;;;;;;;;;x
secret_religious_society_die_nachteulen;Die Nachtuelen;;;;;;;;;;;;;x
secret_religious_society_gnostic;Gnostic;;;;;;;;;;;;;x
secret_religious_society_osite;Osites;;;;;;;;;;;;;x
secret_religious_society_nepheshim;Nepheshim;;;;;;;;;;;;;x
secret_religious_society_mystikoi;Mystikoi;;;;;;;;;;;;;x
secret_religious_society_vii;The Betrayed;;;;;;;;;;;;;x
secret_religious_society_vii_DESC;Covenant of vampires who secretly hunt vampires;;;;;;;;;;;;;x
secret_religious_society_camarilla_group;The Camarilla;;;;;;;;;;;;;;x
secret_religious_society_longinus_group;Kindred who follow the Testament of Longinus;;;;;;;;;;;;;;x
secret_religious_society_sennex;Sennex;;;;;;;;;;;;;;x
secret_religious_society_sennex_DESC;Cala Senecta: the Wing of Ancients. The leadership and nobility of the Camarilla. This is also the name of the voting governmental body which mirrors the Roman Senate of the mortals.;;;;;;;;;;;;;;x
secret_religious_society_legio_mortuum;Legio Mortuum;;;;;;;;;;;;;;x
secret_religious_society_legio_mortuum_DESC;The Legio Mortuum: The Legion of the Dead, the Camarilla’s military arm and strongest means of maintaining its traditions.;;;;;;;;;;;;;;x
secret_religious_society_cult_of_augurs;Cult of Augurs;;;;;;;;;;;;;;x
secret_religious_society_cult_of_augurs_DESC;Cala Vaticinium: The Wing of Prophets.  The Cult of Augurs are the dark priesthood of the Camarilla connecting the vampires to the Roman gods and keeping Rome in their good graces.;;;;;;;;;;;;;;x
secret_religious_society_peregrine_collegia;Peregrine Collegia;;;;;;;;;;;;;;x
secret_religious_society_peregrine_collegia_DESC;Cala Hospitia: the Wing of Strangers.  Foreigners are not shunned from the Camarilla, but they will never be made full citizens until they fully adopt Roman customs and law. Outsiders band together in this low-caste wing;;;;;;;;;;;;;;x
secret_religious_society_abrahamic_vampire_group;Monotheistic vampires in the Abrahamic traditions of the Levant;;;;;;;;;;;;;;x
secret_religious_society_pagan_vampire_group;Pagan vampires;;;;;;;;;;;;;;x
secret_religious_society_circle_of_the_crone;Circle of the Crone;;;;;;;;;;;;;x
secret_religious_society_circle_of_the_crone_DESC;Covenant venerates a variety of female figures as an amalgamated creator of vampires, the Mother of all Monsters;;;;;;;;;;;;;x
secret_religious_society_fuil-beannaithe;Fuil-Beannaithe;;;;;;;;;;;;;x
secret_religious_society_fuil-beannaithe_DESC;The Blood Blessed of the Celts;;;;;;;;;;;;;x
secret_religious_society_weihan_cynn;Weihan Cynn;;;;;;;;;;;;;x
secret_religious_society_weihan_cynn_DESC;The Sacred People of the Saxons, the Woods-Witches;;;;;;;;;;;;;x
secret_religious_society_unaligned;Unaligned;;;;;;;;;;;;;x
secret_religious_society_unaligned_DESC;Not a covenant at all, but rather individuals who are independent;;;;;;;;;;;;;x
secret_religious_society_forsworn_vampire_group;Belial's Brood;;;;;;;;;;;;;x
secret_religious_society_nameless;Nameless;;;;;;;;;;;;;x
secret_religious_society_nameless_DESC;The Hidden;;;;;;;;;;;;;x
secret_religious_society_roaring_serpent;The Roaring Serpent;;;;;;;;;;;;;x
secret_religious_society_roaring_serpent_DESC;The Archons;;;;;;;;;;;;;x
secret_religious_society_pandaemonium;Pandaemonium;;;;;;;;;;;;;x
secret_religious_society_pandaemonium_DESC;The Antinomians;;;;;;;;;;;;;x
secret_religious_society_mercy_seat;The Mercy Seat;;;;;;;;;;;;;x
secret_religious_society_mercy_seat_DESC;The Faustians;;;;;;;;;;;;;x
secret_religious_society_smokeless_throne;The Smokeless Throne;;;;;;;;;;;;;x
secret_religious_society_smokeless_throne_DESC;The Djinn;;;;;;;;;;;;;x
secret_religious_society_scarlet_rite;The Scarlet Rite;;;;;;;;;;;;;x
secret_religious_society_scarlet_rite_DESC;The Hyletics;;;;;;;;;;;;;x
secret_religious_society_revenant_duolosi;The Duolosi;;;;;;;;;;;;;x
secret_religious_society_revenant_duolosi_DESC;Servants of the Forsworn;;;;;;;;;;;;;x
secret_religious_society_corpus_delecti;Corpus Delecti;;;;;;;;;;;;;x
secret_religious_society_corpus_delecti_DESC;;;;;;;;;;;;;;x
secret_religious_society_horned_hand;Horned Hand;;;;;;;;;;;;;x
secret_religious_society_horned_hand_DESC;;;;;;;;;;;;;;x
secret_religious_society_teeth_of_yamatu;Teeth of Yamatu;;;;;;;;;;;;;x
secret_religious_society_teeth_of_yamatu_DESC;;;;;;;;;;;;;;x
secret_religious_society_vii_vampire_group;VII;;;;;;;;;;;;;;x
secret_religious_society_dammatic_creed;Dammatic Creed;;;;;;;;;;;;;;x
secret_religious_society_dharmic_vampire_group;Dharmic Kindred from India;;;;;;;;;;;;;;x
secret_religious_society_asura-dharma;Asura-Dharma;;;;;;;;;;;;;x
secret_religious_society_asura-dharma_DESC;Hindu Kindred;;;;;;;;;;;;;x
secret_religious_society_mara-dharma;Mara-Dharma;;;;;;;;;;;;;x
secret_religious_society_mara-dharma_DESC;These kindred believe they are the daughters of Mara, the demon who tempted the Budhha.;;;;;;;;;;;;;x
secret_religious_society_prati-vasudeva-dharma;Prati-Vasudeva;;;;;;;;;;;;;x
secret_religious_society_prati-vasudeva-dharma_DESC;These kindred are the inversion of Jainist beliefs.;;;;;;;;;;;;;x
secret_religious_society_laibon;Laibon;;;;;;;;;;;;;x
secret_religious_society_laibon_DESC;The indigenous kindred covenant of Africa.;;;;;;;;;;;;;x
secret_religious_society_high_clans_group;High Clan Vampires;;;;;;;;;;;;;x
secret_religious_society_vampire_high_clans;High Clans;;;;;;;;;;;;;x
secret_religious_society_vampire_high_clans_DESC;Noble vampire clans of Europe: Brujah, Cappadocian, Lasombra, Toreador and Ventrue;;;;;;;;;;;;;x
secret_religious_society_koldun;Koldun;;;;;;;;;;;;;x
secret_religious_society_koldun_DESC;The noble Tzimisce vampire clan;;;;;;;;;;;;;x
secret_religious_society_ventrue_high;Ventrue;;;;;;;;;;;;;x
secret_religious_society_ventrue_high_DESC;The Ventrue high clan of vampires;;;;;;;;;;;;;x
secret_religious_society_toreador_high;Toreador;;;;;;;;;;;;;x
secret_religious_society_toreador_high_DESC;The Toreador high clan of vampires;;;;;;;;;;;;;x
secret_religious_society_brujah_high;Brujah;;;;;;;;;;;;;x
secret_religious_society_brujah_high_DESC;The Brujah high clan of vampires;;;;;;;;;;;;;x
secret_religious_society_lasombra_high;Lasombra;;;;;;;;;;;;;x
secret_religious_society_lasombra_high_DESC;The Lasombra high clan of vampires;;;;;;;;;;;;;x
secret_religious_society_cappadocian_high;Cappadocian;;;;;;;;;;;;;x
secret_religious_society_cappadocian_high_DESC;The Cappadocian high clan of vampires;;;;;;;;;;;;;x
secret_religious_society_salubri_high;Salubri;;;;;;;;;;;;;x
secret_religious_society_salubri_high_DESC;The Salubri high clan of vampires;;;;;;;;;;;;;x
secret_religious_society_ashirra_vampire_group;Ashirra;;;;;;;;;;;;;x
secret_religious_society_ashirra;Ashirra;;;;;;;;;;;;;x
secret_religious_society_ashirra_DESC;Islamic vampires;;;;;;;;;;;;;x
secret_religious_society_assamite;Assamite;;;;;;;;;;;;;x
secret_religious_society_assamite_DESC;Banu Haqim;;;;;;;;;;;;;x
secret_religious_society_vampire_low_clans_group;Low Clans;;;;;;;;;;;;;x
secret_religious_society_vampire_low_clans;Low Clans;;;;;;;;;;;;;x
secret_religious_society_vampire_low_clans_DESC;The rabble vampire clans of Europe: Gangrel, Malkavian and Nosferatu;;;;;;;;;;;;;x
secret_religious_society_anarchs;Anarchs;;;;;;;;;;;;;x
secret_religious_society_anarchs_DESC;Vampire rebels against their established order;;;;;;;;;;;;;x
secret_religious_society_cainite;Cainite Heresy;;;;;;;;;;;;;x
secret_religious_society_cainite_DESC;Cainite vampires;;;;;;;;;;;;;x
secret_religious_society_vampire_promethean;Promethean;;;;;;;;;;;;;x
secret_religious_society_vampire_promethean_DESC;Vampire Brujah who want to recreate Carthage where kindred and kine live in harmony;;;;;;;;;;;;;x
secret_religious_society_furores;Furores;;;;;;;;;;;;;x
secret_religious_society_furores_DESC;The angry ones; a covenant of vampires who have rebelled against their sires;;;;;;;;;;;;;x
secret_religious_society_tremerelow;Tremere;;;;;;;;;;;;;x
secret_religious_society_tremerelow_DESC;Warlocks who have become vampires through sorcery;;;;;;;;;;;;;x
secret_religious_society_anda;Anda;;;;;;;;;;;;;x
secret_religious_society_anda_DESC;Scions of Itügen. The Gangrel bloodline of Dobrul the Brave, found among Mongols and other Altaic peoples;;;;;;;;;;;;;x 
secret_religious_society_einherjar;Einherjar;;;;;;;;;;;;;x
secret_religious_society_einherjar_DESC;Odin's brood, the All-High's chosen warriors of Ragnarok, Norse Gangrel vampires;;;;;;;;;;;;;x
secret_religious_society_noiad;Noiad;;;;;;;;;;;;;x
secret_religious_society_noiad_DESC;Children of the Midnight Sun, Gangrel vampires among the Finnish and Uguric peoples;;;;;;;;;;;;;x
secret_religious_society_baali_group;Baali;;;;;;;;;;;;;x
secret_religious_society_baali;Baali;;;;;;;;;;;;;x
secret_religious_society_baali;Devil-worshipping vampires;;;;;;;;;;;;;x
secret_religious_society_masquerade_camarilla_group;The Camarilla;;;;;;;;;;;;;x
secret_religious_society_masquerade_camarilla;The Camarilla;;;;;;;;;;;;;x
secret_religious_society_masquerade_camarilla_DESC;Not all Camarilla vampires are of the seven clans;;;;;;;;;;;;;x
secret_religious_society_brujahcamarilla;Brujah;;;;;;;;;;;;;x
secret_religious_society_brujahcamarilla_DESC;Brujah of the Camarilla;;;;;;;;;;;;;x
secret_religious_society_gangrelcamarilla;Gangrel;;;;;;;;;;;;;x
secret_religious_society_gangrelcamarilla_DESC;Gangrel of the Camarilla;;;;;;;;;;;;;x
secret_religious_society_malkaviancamarilla;Malkavian;;;;;;;;;;;;;x
secret_religious_society_malkaviancamarilla_DESC;Malkavian of the Camarilla;;;;;;;;;;;;;x
secret_religious_society_nosferatucamarilla;Nosferatu;;;;;;;;;;;;;x
secret_religious_society_nosferatucamarilla_DESC;Nosferatu of the Camarilla;;;;;;;;;;;;;x
secret_religious_society_toreadorcamarilla;Toreador;;;;;;;;;;;;;x
secret_religious_society_toreadorcamarilla_DESC;Toreador of the Camarilla;;;;;;;;;;;;;x
secret_religious_society_tremerecamarilla;Tremere;;;;;;;;;;;;;x
secret_religious_society_tremerecamarilla_DESC;Tremere of the Camarilla;;;;;;;;;;;;;x
secret_religious_society_ventruecamarilla;Ventrue;;;;;;;;;;;;;x
secret_religious_society_ventruecamarilla_DESC;Ventrue of the Camarilla;;;;;;;;;;;;;x
secret_religious_society_JUSTICAR;Justicar;;;;;;;;;;;;;x
secret_religious_society_JUSTICAR_female;Justicar;;;;;;;;;;;;;x
secret_religious_society_SERAPH;Seraph;;;;;;;;;;;;;x
secret_religious_society_SERAPH_female;Seraph;;;;;;;;;;;;;x
secret_religious_society_d_brujahjusticar;Clan Brujah;;;;;;;;;;;;;x
secret_religious_society_d_gangreljusticar;Clan Gangrel;;;;;;;;;;;;;x
secret_religious_society_d_malkavianjusticar;Clan Malkavian;;;;;;;;;;;;;x
secret_religious_society_d_nosferatujusticar;Clan Nosfeartu;;;;;;;;;;;;;x
secret_religious_society_d_toreadorjusticar;Clan Toreador;;;;;;;;;;;;;x
secret_religious_society_d_tremerejusticar;Clan Tremere;;;;;;;;;;;;;x
secret_religious_society_d_ventruejusticar;Clan Ventrue;;;;;;;;;;;;;x
secret_religious_society_d_sabbatblackhand;the Black Hand;;;;;;;;;;;;;x
secret_religious_society_sabbat_group;Sabbat;;;;;;;;;;;;;x
secret_religious_society_sabbat;Sabbat;;;;;;;;;;;;;x
secret_religious_society_sabbat_DESC;The Sword of Caine, formed by anarchs who refused to submit to the Camarilla;;;;;;;;;;;;;x
secret_religious_society_inconnu_group;Inconnu;;;;;;;;;;;;;x
secret_religious_society_inconnu;Inconnu Monitors;;;;;;;;;;;;;x
secret_religious_society_inconnu_DESC;The hidden ones, a reclusive sect of Roman vampires;;;;;;;;;;;;;x
secret_religious_society_oradealeague;Oradea;;;;;;;;;;;;;x
secret_religious_society_oradealeague_DESC;The Oradea League is made up of Old Clan Tzimisce who refuse to join the Sabbat or the Camarilla;;;;;;;;;;;;;x
secret_religious_society_masquerade_independent_group;Independent Clans;;;;;;;;;;;;;x
secret_religious_society_giovanni;Giovanni;;;;;;;;;;;;;x
secret_religious_society_giovanni_DESC;Necromancers;;;;;;;;;;;;;x
secret_religious_society_setite;Setite;;;;;;;;;;;;;x
secret_religious_society_setite_DESC;The Followers of Set;;;;;;;;;;;;;x
secret_religious_society_malkavianlow;Malkavian;;;;;;;;;;;;;x
secret_religious_society_malkavianlow_DESC;Malkavians;;;;;;;;;;;;;x
secret_religious_society_nosferatulow;Nosferatu;;;;;;;;;;;;;x
secret_religious_society_nosferatulow_DESC;Nosferatu;;;;;;;;;;;;;x
secret_religious_society_gangrellow;Gangrel;;;;;;;;;;;;;x
secret_religious_society_gangrellow_DESC;Gangrel;;;;;;;;;;;;;x
secret_religious_society_mayaparisataya;Mayaparisataya;;;;;;;;;;;;;x
secret_religious_society_mayaparisataya_DESC;The Ravnos Path of Paradox;;;;;;;;;;;;;x
secret_religious_society_autarkis;Autarkis;;;;;;;;;;;;;x
secret_religious_society_autarkis_DESC;Vampires outside of sect or clan;;;;;;;;;;;;;x
secret_religious_society_mortifiers_of_flesh;Mortifiers of Flesh;;;;;;;;;;;;;;x
secret_religious_society_mortifiers_of_flesh_DESC;Mortifiers of Flesh;;;;;;;;;;;;;;x
secret_religious_society_garou_group;Garou;;;;;;;;;;;;;x
secret_religious_society_wyrm_group;Servants of the Wyrm;;;;;;;;;;;;;x
secret_religious_society_silver_fangs;Silver Fangs;;;;;;;;;;;;;x
secret_religious_society_silver_fangs_DESC;Alphas of the Garou Nation;;;;;;;;;;;;;x
secret_religious_society_black_furies;Black Furies;;;;;;;;;;;;;x
secret_religious_society_black_furies_DESC;Greek Amazonian warriors;;;;;;;;;;;;;x
secret_religious_society_stargazers;Stargazers;;;;;;;;;;;;;x
secret_religious_society_stargazers_DESC;Mystical werewolves of India;;;;;;;;;;;;;x
secret_religious_society_red_talons;Red Talons;;;;;;;;;;;;;x
secret_religious_society_red_talons_DESC;Beastial werewolves who want no company with man;;;;;;;;;;;;;x
secret_religious_society_get_of_fenris;Get of Fenris;;;;;;;;;;;;;x
secret_religious_society_get_of_fenris_DESC;Norse warrior werewolves;;;;;;;;;;;;;x
secret_religious_society_fianna;Fianna;;;;;;;;;;;;;x
secret_religious_society_fianna_DESC;Celtic werewolves;;;;;;;;;;;;;x
secret_religious_society_white_howlers;White Howlers;;;;;;;;;;;;;x
secret_religious_society_white_howlers_DESC;Pictish werewolves;;;;;;;;;;;;;x
secret_religious_society_silent_striders;Silent Striders;;;;;;;;;;;;;x 
secret_religious_society_silent_striders_DESC;Banished from Egypt by the curse of Sutekh, these werewolves wander the deserts;;;;;;;;;;;;;x 
secret_religious_society_warders_of_men;Warders of Men;;;;;;;;;;;;;x  
secret_religious_society_warders_of_men_DESC;Town dwelling werewolves;;;;;;;;;;;;;x  
secret_religious_society_glass_walkers;Glass Walkers;;;;;;;;;;;;;x  
secret_religious_society_glass_walkers_DESC;City-dwelling werewolves;;;;;;;;;;;;;x  
secret_religious_society_bone_gnawers;Bone Gnawers;;;;;;;;;;;;;x 
secret_religious_society_bone_gnawers_DESC;Mongrel werewolves found in city slums ;;;;;;;;;;;;;x 
secret_religious_society_shadow_lords;Shadow Lords;;;;;;;;;;;;;x 
secret_religious_society_shadow_lords_DESC;Spread from the Eurasian Steppes to the lands of Hungary, Slavs and the Balkans;;;;;;;;;;;;;x 
secret_religious_society_black_spiral_dancers;Black Spiral Dancers;;;;;;;;;;;;;x
secret_religious_society_black_spiral_dancers_DESC;Wyrm-corrupted werewolves;;;;;;;;;;;;;x
secret_religious_society_mage_group;Mage;;;;;;;;;;;;;;x
secret_religious_society_magicka;Magicka;;;;;;;;;;;;;;x
secret_religious_society_magicka_DESC;Magicka;;;;;;;;;;;;;;x
secret_religious_society_nameless_mage;Nameless;;;;;;;;;;;;;x
secret_religious_society_nameless_mage_DESC;The Nameless are a collection of factions and cabals of apostates that refused the authority of the Diamond Orders and rebelled against them. After making peace, the Nameless then formed the Free Council, turning the Diamond into a Pentacle. Most of the Nameless who did not join the Free Council were destroyed, though many pockets remain.;;;;;;;;;;;;;x
secret_religious_society_adamantine_arrow;Adamantine Arrow;;;;;;;;;;;;;x
secret_religious_society_adamantine_arrow_DESC;The Adamantine Arrow are an order of mages that claim descent from members of the Ungula Draconis (Claw of the Dragon) who protected the shards of fallen Atlantis. They are the most militaristic of the Diamond Orders and act as defenders to the legitimate heirs of Atlantis.;;;;;;;;;;;;;x
secret_religious_society_guardians_of_the_veil;Guardians of the Veil;;;;;;;;;;;;;x
secret_religious_society_guardians_of_the_veil_DESC;The Guardians of the Veil are an order of mages that claim descent from members of the Visus Draconis (Eye of the Dragon). They act as the enforcers, secret police, and spies for the Lex Magica and Consilii that hold its tenets.;;;;;;;;;;;;;x
secret_religious_society_mysterium;Mysterium;;;;;;;;;;;;;x
secret_religious_society_mysterium_DESC;The Mysterium are an order of mages that claim descent from members of the Alae Draconis (Dragon's Wing), the research and development branch of Atlantean society. Now they seek to reclaim the lore lore of the world and remember the lessons of fallen Atlantis.;;;;;;;;;;;;;x
secret_religious_society_silver_ladder;Silver Ladder;;;;;;;;;;;;;x
secret_religious_society_silver_ladder_DESC;The Silver Ladder are an order of mages that claim descent from Atlantean priests and viziers known as the Vox Draconis (Dragon's Voice). They believe in mankind's inherent right to divinity and magic.;;;;;;;;;;;;;x
secret_religious_society_thanatoic;Thanatoic;;;;;;;;;;;;;x
secret_religious_society_thanatoic_DESC;Thanatoic;;;;;;;;;;;;;x
secret_religious_society_praetorian;Praetorian;;;;;;;;;;;;;x
secret_religious_society_praetorian_DESC;Praetorian;;;;;;;;;;;;;x
secret_religious_society_mammon;Mammon;;;;;;;;;;;;;x
secret_religious_society_mammon_DESC;Mammon, the Feeder of Greed or Gushasu-Nihur, is one of the nine Maeljin (powerful spirits who rule over a plane of spirits known as the Shadow). He appears as a skeletal angel with pale skin and bat wings. He plagues any Cahalith near his Wounds with visions of want and hunger.;;;;;;;;;;;;;x
secret_religious_society_paternoster;Paternoster;;;;;;;;;;;;;x
secret_religious_society_paternoster_DESC;The Father is one of the four Archigenitor Exarchs, the main rulers of the Fallen World. He grants his servants power over Doctrine and his Ministry is Paternoster. The Father is the Exarch of Prime and is considered by his followers to be the origin of revealed religion.;;;;;;;;;;;;;x
secret_religious_society_panopticon;Panopitcon;;;;;;;;;;;;;x
secret_religious_society_panopticon_DESC;Panopitcon is an organization of technocrats created by Control itself. It's main purpose is to enforce Control's directives and keep the Traditions (the Technocrats' rivals) fractured and broken. A secondary task is the silent enforcement of the assimilation of reality and the destruction of threatening Reality Deviants.;;;;;;;;;;;;;x
secret_religious_society_scelesti;Scelesti;;;;;;;;;;;;;x
secret_religious_society_scelesti_DESC;The Scelesti, or the Accursed, are mages who chose to gain power through service to the Abyss, their souls tainted by allowing the void to merge with them. Due to this, they are often perceived as mad and often executed.;;;;;;;;;;;;;x
secret_religious_society_pharmakons;Pharmakons;;;;;;;;;;;;;x
secret_religious_society_pharmakons_DESC;Pharmakons;;;;;;;;;;;;;x
secret_religious_society_timori;Timori;;;;;;;;;;;;;x
secret_religious_society_timori_DESC;The Timori are mages that steal mana from other mages in order to become immortal. This has the disadvantage of causing an intense addiction and turning them into living corpses.;;;;;;;;;;;;;x
secret_religious_society_orphan;Orphan;;;;;;;;;;;;;x
secret_religious_society_orphan_DESC;An Orphan is a mage who has learned magic without a formal tutor. They are often prejudiced as loose cannons and threats to those around them.;;;;;;;;;;;;;x
secret_religious_society_valdaermen;Valdaermen;;;;;;;;;;;;;x
secret_religious_society_valdaermen_DESC;The Valdaermen are Nordic practitioners of rune magic.;;;;;;;;;;;;;x
secret_religious_society_order_of_hermes;Order of Hermes;;;;;;;;;;;;;x
secret_religious_society_order_of_hermes_DESC;The Order of Hermes is one of the pillars of the Traditions. They were Founded in 767 in an event known as the Pax Hermetica. Obsessed with perfection, they are easily the most hierarchical and prestigious of the Traditions.;;;;;;;;;;;;;x
secret_religious_society_messianic_voices;Messianic Voices;;;;;;;;;;;;;x
secret_religious_society_messianic_voices_DESC;The Messianic Voices' paradigm was built on a Foundation of Divinity (Relationship to the Divine), which empowered the Singers to call on the aid of four Archangels.;;;;;;;;;;;;;x
secret_religious_society_mithraic_singers;Mithraic Singers;;;;;;;;;;;;;x
secret_religious_society_mithraic_singers_DESC;Mithraic Singers;;;;;;;;;;;;;x
secret_religious_society_daedalan_cabal_of_pure_thought;Cabal of Pure Thought;;;;;;;;;;;;;x
secret_religious_society_daedalan_cabal_of_pure_thought_DESC;Cabal of Pure Thought;;;;;;;;;;;;;x
secret_religious_society_argonauts;Argonauts;;;;;;;;;;;;;x
secret_religious_society_argonauts_DESC;Argonauts;;;;;;;;;;;;;x
secret_religious_society_collegium_astrologia;Collegium Astrologia;;;;;;;;;;;;;x
secret_religious_society_collegium_astrologia_DESC;Collegium Astrologia;;;;;;;;;;;;;x
secret_religious_society_brotherhood_of_the_rule;Brotherhood of The Rule;;;;;;;;;;;;;x
secret_religious_society_brotherhood_of_the_rule_DESC;Brotherhood of The Rule;;;;;;;;;;;;;x
secret_religious_society_collegium_praecepti;Collegium Praecepti;;;;;;;;;;;;;x
secret_religious_society_collegium_praecepti_DESC;Collegium Praecepti;;;;;;;;;;;;;x
secret_religious_society_cosian_circle;Cosian Circle;;;;;;;;;;;;;x
secret_religious_society_cosian_circle_DESC;Cosian Circle;;;;;;;;;;;;;x
secret_religious_society_nif_ur_en_daah;Nif'ur en'Daah;;;;;;;;;;;;;x
secret_religious_society_nif_ur_en_daah_DESC;The Nif'ur en'Daah (Eaters of the Weak) are an Infernalist sect of mages.;;;;;;;;;;;;;x
secret_religious_society_marauders;Marauders;;;;;;;;;;;;;x
secret_religious_society_marauders_DESC;Marauders;;;;;;;;;;;;;x
secret_religious_society_ixoi;Ixoi;;;;;;;;;;;;;x
secret_religious_society_ixoi_DESC;Ixoi;;;;;;;;;;;;;x
secret_religious_society_aeduna;Aeduna;;;;;;;;;;;;;x
secret_religious_society_aeduna_DESC;Aeduna;;;;;;;;;;;;;x
secret_religious_society_spirit-talkers;Spirit-Talkers;;;;;;;;;;;;;x
secret_religious_society_spirit-talkers_DESC;Spirit-Talkers;;;;;;;;;;;;;x
secret_religious_society_ahl-i-batin;Ahl-i-Batin;;;;;;;;;;;;;x
secret_religious_society_ahl-i-batin_DESC;Ahl-i-Batin;;;;;;;;;;;;;x
secret_religious_society_taftani;Taftani;;;;;;;;;;;;;x
secret_religious_society_taftani_DESC;Taftani;;;;;;;;;;;;;x
secret_religious_society_kitab_al-alacir;Kitab al-Alacir;;;;;;;;;;;;;x
secret_religious_society_kitab_al-alacir_DESC;Kitab al-Alacir;;;;;;;;;;;;;x
secret_religious_society_mokteshaf_al-nour;Mokteshaf al-Nour;;;;;;;;;;;;;x
secret_religious_society_mokteshaf_al-nour_DESC;Mokteshaf al-Nour;;;;;;;;;;;;;x
secret_religious_society_sahajiya;Sahajiya;;;;;;;;;;;;;x
secret_religious_society_sahajiya_DESC;Sahajiya;;;;;;;;;;;;;x
secret_religious_society_lions_of_zion;Lions of Zion;;;;;;;;;;;;;x
secret_religious_society_lions_of_zion_DESC;Lions of Zion;;;;;;;;;;;;;x
secret_religious_society_chakravanti;Chakravanti;;;;;;;;;;;;;x
secret_religious_society_chakravanti_DESC;Chakravanti;;;;;;;;;;;;;x
secret_religious_society_akashayana;Akashayana;;;;;;;;;;;;;x
secret_religious_society_akashayana_DESC;Akashayana;;;;;;;;;;;;;x
secret_religious_society_verbenae;Verbenae;;;;;;;;;;;;;x
secret_religious_society_verbenae_DESC;Verbenae;;;;;;;;;;;;;x
secret_religious_society_choeur_celeste;Choeur Celeste;;;;;;;;;;;;;x
secret_religious_society_choeur_celeste_DESC;Choeur Celeste;;;;;;;;;;;;;x
secret_religious_society_cabal_of_pure_thought;Cabal of Pure Thought;;;;;;;;;;;;;x
secret_religious_society_cabal_of_pure_thought_DESC;Cabal of Pure Thought;;;;;;;;;;;;;x
secret_religious_society_high_guild;High Guild;;;;;;;;;;;;;x
secret_religious_society_high_guild_DESC;High Guild;;;;;;;;;;;;;x
secret_religious_society_void_seekers;Void Seekers;;;;;;;;;;;;;x
secret_religious_society_void_seekers_DESC;Void Seekers;;;;;;;;;;;;;x
secret_religious_society_celestial_masters;Celestial Masters;;;;;;;;;;;;;x
secret_religious_society_celestial_masters_DESC;Celestial Masters;;;;;;;;;;;;;x
secret_religious_society_craftmasons;Craftmasons;;;;;;;;;;;;;x
secret_religious_society_craftmasons_DESC;Craftmasons;;;;;;;;;;;;;x
secret_religious_society_artificers;Artificers;;;;;;;;;;;;;x
secret_religious_society_artificers_DESC;Artificers;;;;;;;;;;;;;x
secret_religious_society_hippocratic_circle;Hippocratic Circle;;;;;;;;;;;;;x
secret_religious_society_hippocratic_circle_DESC;Hippocratic Circle;;;;;;;;;;;;;x
secret_religious_society_solificati;Solificati;;;;;;;;;;;;;x
secret_religious_society_solificati_DESC;Solificati;;;;;;;;;;;;;x
secret_religious_society_nephandi;Nephandi;;;;;;;;;;;;;x
secret_religious_society_nephandi_sect;Nephandi;;;;;;;;;;;;;x
secret_religious_society_knights_templar;Knights Templar;;;;;;;;;;;;;x
secret_religious_society_knights_templar_DESC;Knights Templar;;;;;;;;;;;;;x
secret_religious_society_ksirafai;Ksirafai;;;;;;;;;;;;;x
secret_religious_society_ksirafai_DESC;Ksirafai;;;;;;;;;;;;;x
secret_religious_society_natural_philosophers_guild;Natural Philosophers Guild;;;;;;;;;;;;;x
secret_religious_society_natural_philosophers_guild_DESC;Natural Philosophers Guild;;;;;;;;;;;;;x
secret_religious_society_sons_of_tengri;Sons of Tengri;;;;;;;;;;;;;x
secret_religious_society_sons_of_tengri_DESC;Sons of Tengri;;;;;;;;;;;;;x
secret_religious_society_seers_of_chronus;Seers of Chronus;;;;;;;;;;;;;x
secret_religious_society_seers_of_chronus_DESC;Seers of Chronus;;;;;;;;;;;;;x
secret_religious_society_abrahamic_vampire_group_currency;Loyalty;;;;;;;;;;;;;x
secret_religious_society_adamantine_arrow_currency;Loyalty;;;;;;;;;;;;;x
secret_religious_society_aeduna_currency;Loyalty;;;;;;;;;;;;;x
secret_religious_society_ahl-i-batin_currency;Loyalty;;;;;;;;;;;;;x
secret_religious_society_akashayana_currency;Loyalty;;;;;;;;;;;;;x
secret_religious_society_al-amin_currency;Loyalty;;;;;;;;;;;;;x
secret_religious_society_anarchs_currency;Loyalty;;;;;;;;;;;;;x
secret_religious_society_anda_currency;Loyalty;;;;;;;;;;;;;x
secret_religious_society_argonauts_currency;Loyalty;;;;;;;;;;;;;x
secret_religious_society_artificers_currency;Loyalty;;;;;;;;;;;;;x
secret_religious_society_ashirra_currency;Loyalty;;;;;;;;;;;;;x
secret_religious_society_ashirra_vampire_group_currency;Loyalty;;;;;;;;;;;;;x
secret_religious_society_assamite_currency;Loyalty;;;;;;;;;;;;;x
secret_religious_society_asura-dharma_currency;Loyalty;;;;;;;;;;;;;x
secret_religious_society_autarkis_currency;Loyalty;;;;;;;;;;;;;x
secret_religious_society_baali_currency;Loyalty;;;;;;;;;;;;;x
secret_religious_society_baali_group_currency;Loyalty;;;;;;;;;;;;;x
secret_religious_society_banu_shaitan_currency;Loyalty;;;;;;;;;;;;;x
secret_religious_society_black_furies_currency;Loyalty;;;;;;;;;;;;;x
secret_religious_society_black_spiral_dancers_currency;Loyalty;;;;;;;;;;;;;x
secret_religious_society_bone_gnawers_currency;Loyalty;;;;;;;;;;;;;x
secret_religious_society_brotherhood_of_the_rule_currency;Loyalty;;;;;;;;;;;;;x
secret_religious_society_brujahcamarilla_currency;Loyalty;;;;;;;;;;;;;x
secret_religious_society_brujah_high_currency;Loyalty;;;;;;;;;;;;;x
secret_religious_society_cabal_of_pure_thought_currency;Loyalty;;;;;;;;;;;;;x
secret_religious_society_camarilla_group_currency;Loyalty;;;;;;;;;;;;;x
secret_religious_society_cappadocian_high_currency;Loyalty;;;;;;;;;;;;;x
secret_religious_society_celestial_masters_currency;Loyalty;;;;;;;;;;;;;x
secret_religious_society_chakravanti_currency;Loyalty;;;;;;;;;;;;;x
secret_religious_society_choeur_celeste_currency;Loyalty;;;;;;;;;;;;;x
secret_religious_society_circle_of_the_crone_currency;Loyalty;;;;;;;;;;;;;x
secret_religious_society_collegium_astrologia_currency;Loyalty;;;;;;;;;;;;;x
secret_religious_society_collegium_praecepti_currency;Loyalty;;;;;;;;;;;;;x
secret_religious_society_corpus_delecti_currency;Loyalty;;;;;;;;;;;;;x
secret_religious_society_cosian_circle_currency;Loyalty;;;;;;;;;;;;;x
secret_religious_society_craftmasons_currency;Loyalty;;;;;;;;;;;;;x
secret_religious_society_cult_of_augurs_currency;Loyalty;;;;;;;;;;;;;x
secret_religious_society_daedalan_cabal_of_pure_thought_currency;Loyalty;;;;;;;;;;;;;x
secret_religious_society_dammatic_creed_currency;Loyalty;;;;;;;;;;;;;x
secret_religious_society_dharmic_vampire_group_currency;Loyalty;;;;;;;;;;;;;x
secret_religious_society_die_nachteulen_currency;Loyalty;;;;;;;;;;;;;x
secret_religious_society_d_brujahjusticar_currency;Loyalty;;;;;;;;;;;;;x
secret_religious_society_d_gangreljusticar_currency;Loyalty;;;;;;;;;;;;;x
secret_religious_society_d_malkavianjusticar_currency;Loyalty;;;;;;;;;;;;;x
secret_religious_society_d_nosferatujusticar_currency;Loyalty;;;;;;;;;;;;;x
secret_religious_society_d_sabbatblackhand_currency;Loyalty;;;;;;;;;;;;;x
secret_religious_society_d_toreadorjusticar_currency;Loyalty;;;;;;;;;;;;;x
secret_religious_society_d_tremerejusticar_currency;Loyalty;;;;;;;;;;;;;x
secret_religious_society_d_ventruejusticar_currency;Loyalty;;;;;;;;;;;;;x
secret_religious_society_einherjar_currency;Loyalty;;;;;;;;;;;;;x
secret_religious_society_fianna_currency;Loyalty;;;;;;;;;;;;;x
secret_religious_society_forsworn_vampire_group_currency;Loyalty;;;;;;;;;;;;;x
secret_religious_society_fuil-beannaithe_currency;Loyalty;;;;;;;;;;;;;x
secret_religious_society_furores_currency;Loyalty;;;;;;;;;;;;;x
secret_religious_society_gangrelcamarilla_currency;Loyalty;;;;;;;;;;;;;x
secret_religious_society_garou_group_currency;Loyalty;;;;;;;;;;;;;x
secret_religious_society_get_of_fenris_currency;Loyalty;;;;;;;;;;;;;x
secret_religious_society_giovanni_currency;Loyalty;;;;;;;;;;;;;x
secret_religious_society_glass_walkers_currency;Loyalty;;;;;;;;;;;;;x
secret_religious_society_gnostic_currency;Loyalty;;;;;;;;;;;;;x
secret_religious_society_guardians_of_the_veil_currency;Loyalty;;;;;;;;;;;;;x
secret_religious_society_high_clans_group_currency;Loyalty;;;;;;;;;;;;;x
secret_religious_society_high_guild_currency;Loyalty;;;;;;;;;;;;;x
secret_religious_society_hippocratic_circle_currency;Loyalty;;;;;;;;;;;;;x
secret_religious_society_horned_hand_currency;Loyalty;;;;;;;;;;;;;x
secret_religious_society_inconnu_currency;Loyalty;;;;;;;;;;;;;x
secret_religious_society_inconnu_group_currency;Loyalty;;;;;;;;;;;;;x
secret_religious_society_invictus_currency;Loyalty;;;;;;;;;;;;;x
secret_religious_society_ixoi_currency;Loyalty;;;;;;;;;;;;;x
secret_religious_society_kitab_al-alacir_currency;Loyalty;;;;;;;;;;;;;x
secret_religious_society_knights_templar_currency;Loyalty;;;;;;;;;;;;;x
secret_religious_society_koldun_currency;Loyalty;;;;;;;;;;;;;x
secret_religious_society_ksirafai_currency;Loyalty;;;;;;;;;;;;;x
secret_religious_society_laibon_currency;Loyalty;;;;;;;;;;;;;x
secret_religious_society_lancea_sanctum_currency;Loyalty;;;;;;;;;;;;;x
secret_religious_society_lasombra_high_currency;Loyalty;;;;;;;;;;;;;x
secret_religious_society_legio_mortuum_currency;Loyalty;;;;;;;;;;;;;x
secret_religious_society_lions_of_zion_currency;Loyalty;;;;;;;;;;;;;x
secret_religious_society_livian_currency;Loyalty;;;;;;;;;;;;;x
secret_religious_society_longinus_group_currency;Loyalty;;;;;;;;;;;;;x
secret_religious_society_mage_group_currency;Loyalty;;;;;;;;;;;;;x
secret_religious_society_magicka_currency;Loyalty;;;;;;;;;;;;;x
secret_religious_society_malkaviancamarilla_currency;Loyalty;;;;;;;;;;;;;x
secret_religious_society_mammon_currency;Loyalty;;;;;;;;;;;;;x
secret_religious_society_mara-dharma_currency;Loyalty;;;;;;;;;;;;;x
secret_religious_society_marauders_currency;Loyalty;;;;;;;;;;;;;x
secret_religious_society_masquerade_camarilla_currency;Loyalty;;;;;;;;;;;;;x
secret_religious_society_masquerade_camarilla_group_currency;Loyalty;;;;;;;;;;;;;x
secret_religious_society_masquerade_independent_group_currency;Loyalty;;;;;;;;;;;;;x
secret_religious_society_mayaparisataya_currency;Loyalty;;;;;;;;;;;;;x
secret_religious_society_mercy_seat_currency;Loyalty;;;;;;;;;;;;;x
secret_religious_society_messianic_voices_currency;Loyalty;;;;;;;;;;;;;x
secret_religious_society_mithraic_singers_currency;Loyalty;;;;;;;;;;;;;x
secret_religious_society_mokteshaf_al-nour_currency;Loyalty;;;;;;;;;;;;;x
secret_religious_society_mortifiers_of_flesh_currency;Loyalty;;;;;;;;;;;;;x
secret_religious_society_mysterium_currency;Loyalty;;;;;;;;;;;;;x
secret_religious_society_mystikoi_currency;Loyalty;;;;;;;;;;;;;x
secret_religious_society_nameless_currency;Loyalty;;;;;;;;;;;;;x
secret_religious_society_nameless_mage_currency;Loyalty;;;;;;;;;;;;;x
secret_religious_society_natural_philosophers_guild_currency;Loyalty;;;;;;;;;;;;;x
secret_religious_society_nephandi_currency;Loyalty;;;;;;;;;;;;;x
secret_religious_society_nephandi_sect_currency;Loyalty;;;;;;;;;;;;;x
secret_religious_society_nepheshim_currency;Loyalty;;;;;;;;;;;;;x
secret_religious_society_nif_ur_en_daah_currency;Loyalty;;;;;;;;;;;;;x
secret_religious_society_noiad_currency;Loyalty;;;;;;;;;;;;;x
secret_religious_society_nosferatucamarilla_currency;Loyalty;;;;;;;;;;;;;x
secret_religious_society_oradealeague_currency;Loyalty;;;;;;;;;;;;;x
secret_religious_society_order_of_hermes_currency;Loyalty;;;;;;;;;;;;;x
secret_religious_society_orphan_currency;Loyalty;;;;;;;;;;;;;x
secret_religious_society_osite_currency;Loyalty;;;;;;;;;;;;;x
secret_religious_society_pagan_vampire_group_currency;Loyalty;;;;;;;;;;;;;x
secret_religious_society_pandaemonium_currency;Loyalty;;;;;;;;;;;;;x
secret_religious_society_panopticon_currency;Loyalty;;;;;;;;;;;;;x
secret_religious_society_paternoster_currency;Loyalty;;;;;;;;;;;;;x
secret_religious_society_peregrine_collegia_currency;Loyalty;;;;;;;;;;;;;x
secret_religious_society_pharmakons_currency;Loyalty;;;;;;;;;;;;;x
secret_religious_society_praetorian_currency;Loyalty;;;;;;;;;;;;;x
secret_religious_society_prati-vasudeva-dharma_currency;Loyalty;;;;;;;;;;;;;x
secret_religious_society_red_talons_currency;Loyalty;;;;;;;;;;;;;x
secret_religious_society_revenant_duolosi_currency;Loyalty;;;;;;;;;;;;;x
secret_religious_society_roaring_serpent_currency;Loyalty;;;;;;;;;;;;;x
secret_religious_society_sabbat_currency;Loyalty;;;;;;;;;;;;;x
secret_religious_society_sabbat_group_currency;Loyalty;;;;;;;;;;;;;x
secret_religious_society_sahajiya_currency;Loyalty;;;;;;;;;;;;;x
secret_religious_society_salubri_high_currency;Loyalty;;;;;;;;;;;;;x
secret_religious_society_scarlet_rite_currency;Loyalty;;;;;;;;;;;;;x
secret_religious_society_scelesti_currency;Loyalty;;;;;;;;;;;;;x
secret_religious_society_seers_of_chronus_currency;Loyalty;;;;;;;;;;;;;x
secret_religious_society_sennex_currency;Loyalty;;;;;;;;;;;;;x
secret_religious_society_SERAPH_currency;Loyalty;;;;;;;;;;;;;x
secret_religious_society_SERAPH_female_currency;Loyalty;;;;;;;;;;;;;x
secret_religious_society_setite_currency;Loyalty;;;;;;;;;;;;;x
secret_religious_society_shadow_lords_currency;Loyalty;;;;;;;;;;;;;x
secret_religious_society_silent_striders_currency;Loyalty;;;;;;;;;;;;;x
secret_religious_society_silver_fangs_currency;Loyalty;;;;;;;;;;;;;x
secret_religious_society_silver_ladder_currency;Loyalty;;;;;;;;;;;;;x
secret_religious_society_smokeless_throne_currency;Loyalty;;;;;;;;;;;;;x
secret_religious_society_solificati_currency;Loyalty;;;;;;;;;;;;;x
secret_religious_society_sons_of_tengri_currency;Loyalty;;;;;;;;;;;;;x
secret_religious_society_spirit-talkers_currency;Loyalty;;;;;;;;;;;;;x
secret_religious_society_stargazers_currency;Loyalty;;;;;;;;;;;;;x
secret_religious_society_taftani_currency;Loyalty;;;;;;;;;;;;;x
secret_religious_society_teeth_of_yamatu_currency;Loyalty;;;;;;;;;;;;;x
secret_religious_society_thanatoic_currency;Loyalty;;;;;;;;;;;;;x
secret_religious_society_timori_currency;Loyalty;;;;;;;;;;;;;x
secret_religious_society_toreadorcamarilla_currency;Loyalty;;;;;;;;;;;;;x
secret_religious_society_toreador_high_currency;Loyalty;;;;;;;;;;;;;x
secret_religious_society_tremerecamarilla_currency;Loyalty;;;;;;;;;;;;;x
secret_religious_society_tremerelow_currency;Loyalty;;;;;;;;;;;;;x
secret_religious_society_unaligned_currency;Loyalty;;;;;;;;;;;;;x
secret_religious_society_valdaermen_currency;Loyalty;;;;;;;;;;;;;x
secret_religious_society_vampire_high_clans_currency;Loyalty;;;;;;;;;;;;;x
secret_religious_society_vampire_low_clans_currency;Loyalty;;;;;;;;;;;;;x
secret_religious_society_vampire_low_clans_group_currency;Loyalty;;;;;;;;;;;;;x
secret_religious_society_vampire_promethean_currency;Loyalty;;;;;;;;;;;;;x
secret_religious_society_ventruecamarilla_currency;Loyalty;;;;;;;;;;;;;x
secret_religious_society_ventrue_high_currency;Loyalty;;;;;;;;;;;;;x
secret_religious_society_verbenae_currency;Loyalty;;;;;;;;;;;;;x
secret_religious_society_vii_currency;Loyalty;;;;;;;;;;;;;x
secret_religious_society_vii_vampire_group_currency;Loyalty;;;;;;;;;;;;;x
secret_religious_society_void_seekers_currency;Loyalty;;;;;;;;;;;;;x
secret_religious_society_warders_of_men_currency;Loyalty;;;;;;;;;;;;;x
secret_religious_society_weihan_cynn_currency;Loyalty;;;;;;;;;;;;;x
secret_religious_society_white_howlers_currency;Loyalty;;;;;;;;;;;;;x
secret_religious_society_wyrm_group_currency;Loyalty;;;;;;;;;;;;;x
monastic_order_osite;Osite;;;;;;;;;;;;;x
String_monastic_order_osite;Osite;;;;;;;;;;;;;x
monastic_order_osite_desc;The Bone Monks began as the custodians of the Black Abbey of the early Lancea et Sanctum, cleaning up after Blood sacrifices and eventually disposing of victims of sloppy feedings.  Osites seek to derive spiritual understanding of the Requiem by studying that which God has withheld from the Damned: Death. Osites regard funerary rites as fascinating cultural and occult events; they examine corpses, cemeteries, morgues and churchyards for evidence of what lies beyond the mortal coil.;;;;;;;;;;;;;x
monastic_order_osite_rank_1_female;Donatus;Donatus;Donatus;;Donatus;;;;;x
monastic_order_osite_rank_2_female;Oblatus;Oblatus;Oblatus;;Oblatus;;;;;x
monastic_order_osite_rank_3_female;Commissus;Commissus;Commissus;;Commissus;;;;;x
monastic_order_osite_rank_4_female;Conversus;Conversus;Conversus;;Conversus;;;;;x
monastic_order_osite_rank_1_male;Donatus;Donatus;Donatus;;Donatus;;;;;x
monastic_order_osite_rank_2_male;Oblatus;Oblatus;Oblatus;;Oblatus;;;;;x
monastic_order_osite_rank_3_male;Commissus;Commissus;Commissus;;Commissus;;;;;x
monastic_order_osite_rank_4_male;Conversus;Conversus;Conversus;;Conversus;;;;;x
currency_name_monastic_order_osite;Spiritus Sancti;;;;;;;;;;;;;x
monastic_order_osite_leader_desc;The Conversus of the Osite;;;;;;;;;;;;;x
monastic_order_mystikoi;Mystikoi;;;;;;;;;;;;;x
String_monastic_order_mystikoi;Mystikoi;;;;;;;;;;;;;x
monastic_order_mystikoi_desc;The Mystikoi are a heretical bloodline of Gangrels who pursue enlightenment through communion with the Beast. The roots of the bloodline lay in Albania, where a dualistic heresy influenced by Gnosticism and Manicheanism arose near the end of the first millenium. These heretics were eventually welcomed into Byzantium, and the Kindred among them were mostly converted by the Lancea et Sanctum. A couple of holdouts, however, were granted permission to continue their philosophical studies.;;;;;;;;;;;;;x
monastic_order_mystikoi_rank_1_female;Donatus;Donatus;Donatus;;Donatus;;;;;x
monastic_order_mystikoi_rank_2_female;Oblatus;Oblatus;Oblatus;;Oblatus;;;;;x
monastic_order_mystikoi_rank_3_female;Commissus;Commissus;Commissus;;Commissus;;;;;x
monastic_order_mystikoi_rank_4_female;Conversus;Conversus;Conversus;;Conversus;;;;;x
monastic_order_mystikoi_rank_1_male;Donatus;Donatus;Donatus;;Donatus;;;;;x
monastic_order_mystikoi_rank_2_male;Oblatus;Oblatus;Oblatus;;Oblatus;;;;;x
monastic_order_mystikoi_rank_3_male;Commissus;Commissus;Commissus;;Commissus;;;;;x
monastic_order_mystikoi_rank_4_male;Conversus;Conversus;Conversus;;Conversus;;;;;x
currency_name_monastic_order_mystikoi;Spiritus Sancti;;;;;;;;;;;;;x
monastic_order_mystikoi_leader_desc;The Conversus of the Mystikoi;;;;;;;;;;;;;x
order_thorned_wreath;Order of the Thorned Wreath;;;;;;;;;;;;;x
String_the_order_thorned_wreath;Order of the Thorned Wreath;;;;;;;;;;;;;x
order_thorned_wreath_desc;When Invictus Kindred are threatened and trouble looms from without, it is the Knights of the Most Honorable Order of the Thorned Wreath who inevitably step to the fore and defend the Kindred. Professional soldiers and rescue specialists bound by a strict oath of humble self-sacrifice, these Knights are feared and admired in equal proportion.;;;;;;;;;;;;;x
order_thorned_wreath_rank_1_female;Squire;;;;;;;;;;;;;x
order_thorned_wreath_rank_2_female;Knight;;;;;;;;;;;;;x
order_thorned_wreath_rank_3_female;Knight Captain;;;;;;;;;;;;;x
order_thorned_wreath_rank_4_female;Grand Mistress;;;;;;;;;;;;;x
order_thorned_wreath_rank_1_male;Squire;;;;;;;;;;;;;x
order_thorned_wreath_rank_2_male;Knight;;;;;;;;;;;;;x
order_thorned_wreath_rank_3_male;Knight Captain;;;;;;;;;;;;;x
order_thorned_wreath_rank_4_male;Grand Master;;;;;;;;;;;;;x
currency_name_order_thorned_wreath;Honor;;;;;;;;;;;;;x
order_thorned_wreath_leader_desc;The Grand Master of the Most Honorable Order of the Thorned Wreath acts as the commander of the Invictus most dangerous militant order.;;;;;;;;;;;;;x
bloodline_sangiovanni;Sangiovanni;;;;;;;;;;;;;x
String_bloodline_sangiovanni;Sangiovanni;;;;;;;;;;;;;x
bloodline_sangiovanni_desc;;;;;;;;;;;;;;x
bloodline_sangiovanni_rank_1_female;Donatus;Donatus;Donatus;;Donatus;;;;;x
bloodline_sangiovanni_rank_2_female;Oblatus;Oblatus;Oblatus;;Oblatus;;;;;x
bloodline_sangiovanni_rank_3_female;Commissus;Commissus;Commissus;;Commissus;;;;;x
bloodline_sangiovanni_rank_4_female;Conversus;Conversus;Conversus;;Conversus;;;;;x
bloodline_sangiovanni_rank_1_male;Donatus;Donatus;Donatus;;Donatus;;;;;x
bloodline_sangiovanni_rank_2_male;Oblatus;Oblatus;Oblatus;;Oblatus;;;;;x
bloodline_sangiovanni_rank_3_male;Commissus;Commissus;Commissus;;Commissus;;;;;x
bloodline_sangiovanni_rank_4_male;Conversus;Conversus;Conversus;;Conversus;;;;;x
currency_name_bloodline_sangiovanni;Spiritus Sancti;;;;;;;;;;;;;x
bloodline_sangiovanni_leader_desc;The Conversus of the Sangiovanni;;;;;;;;;;;;;x
via_bestiae;Via Bestiae;;;;;;;;;;;;;x
String_via_bestiae;Via Bestiae;;;;;;;;;;;;;x
via_bestiae_desc;Via Bestiae description;;;;;;;;;;;;;x
via_bestiae_rank_4_female;Paragon;;;;;;;;;;;;;x
via_bestiae_rank_4_male;Paragon;;;;;;;;;;;;;x
via_bestiae_rank_3_female;Mentor;;;;;;;;;;;;;x
via_bestiae_rank_3_male;Mentor;;;;;;;;;;;;;x
via_bestiae_rank_2_female;Adherent;;;;;;;;;;;;;x
via_bestiae_rank_2_male;Adherent;;;;;;;;;;;;;x
via_bestiae_rank_1_female;Initiate;;;;;;;;;;;;;x
via_bestiae_rank_1_male;Initiate;;;;;;;;;;;;;x
currency_name_via_bestiae;Ferality;;;;;;;;;;;;;x
via_bestiae_leader_desc;Via Bestiae leader description;;;;;;;;;;;;;x
via_caeli;Via Caeli;;;;;;;;;;;;;x
String_via_caeli;Via Caeli;;;;;;;;;;;;;x
via_caeli_desc;Via Caeli description;;;;;;;;;;;;;x
via_caeli_rank_4_female;Paragon;;;;;;;;;;;;;x
via_caeli_rank_4_male;Paragon;;;;;;;;;;;;;x
via_caeli_rank_3_female;Mentor;;;;;;;;;;;;;x
via_caeli_rank_3_male;Mentor;;;;;;;;;;;;;x
via_caeli_rank_2_female;Adherent;;;;;;;;;;;;;x
via_caeli_rank_2_male;Adherent;;;;;;;;;;;;;x
via_caeli_rank_1_female;Initiate;;;;;;;;;;;;;x
via_caeli_rank_1_male;Initiate;;;;;;;;;;;;;x
currency_name_via_caeli;Faith;;;;;;;;;;;;;x
via_caeli_leader_desc;Via Caeli leader description;;;;;;;;;;;;;x
via_humanitatis;Via Humanitatis;;;;;;;;;;;;;x
String_via_humanitatis;Via Humanitatis;;;;;;;;;;;;;x
via_humanitatis_desc;Via Humanitatis description;;;;;;;;;;;;;x
via_humanitatis_rank_4_female;Paragon;;;;;;;;;;;;;x
via_humanitatis_rank_4_male;Paragon;;;;;;;;;;;;;x
via_humanitatis_rank_3_female;Mentor;;;;;;;;;;;;;x
via_humanitatis_rank_3_male;Mentor;;;;;;;;;;;;;x
via_humanitatis_rank_2_female;Adherent;;;;;;;;;;;;;x
via_humanitatis_rank_2_male;Adherent;;;;;;;;;;;;;x
via_humanitatis_rank_1_female;Initiate;;;;;;;;;;;;;x
via_humanitatis_rank_1_male;Initiate;;;;;;;;;;;;;x
currency_name_via_humanitatis;Humanity;;;;;;;;;;;;;x
via_humanitatis_leader_desc;Via Humanitatis leader description;;;;;;;;;;;;;x
via_regalis;Via Regalis;;;;;;;;;;;;;x
String_via_regalis;Via Regalis;;;;;;;;;;;;;x
via_regalis_desc;Via Regalis description;;;;;;;;;;;;;x
via_regalis_rank_4_female;Paragon;;;;;;;;;;;;;x
via_regalis_rank_4_male;Paragon;;;;;;;;;;;;;x
via_regalis_rank_3_female;Mentor;;;;;;;;;;;;;x
via_regalis_rank_3_male;Mentor;;;;;;;;;;;;;x
via_regalis_rank_2_female;Adherent;;;;;;;;;;;;;x
via_regalis_rank_2_male;Adherent;;;;;;;;;;;;;x
via_regalis_rank_1_female;Initiate;;;;;;;;;;;;;x
via_regalis_rank_1_male;Initiate;;;;;;;;;;;;;x
currency_name_via_regalis;Nobility;;;;;;;;;;;;;x
via_regalis_leader_desc;Via Regalis leader description;;;;;;;;;;;;;x
via_peccati;Via Peccati;;;;;;;;;;;;;x
String_via_peccati;Via Peccati;;;;;;;;;;;;;x
via_peccati_desc;Via Peccati description;;;;;;;;;;;;;x
via_peccati_rank_4_female;Paragon;;;;;;;;;;;;;x
via_peccati_rank_4_male;Paragon;;;;;;;;;;;;;x
via_peccati_rank_3_female;Mentor;;;;;;;;;;;;;x
via_peccati_rank_3_male;Mentor;;;;;;;;;;;;;x
via_peccati_rank_2_female;Adherent;;;;;;;;;;;;;x
via_peccati_rank_2_male;Adherent;;;;;;;;;;;;;x
via_peccati_rank_1_female;Initiate;;;;;;;;;;;;;x
via_peccati_rank_1_male;Initiate;;;;;;;;;;;;;x
currency_name_via_peccati;Sin;;;;;;;;;;;;;x
via_peccati_leader_desc;Via Peccati leader description;;;;;;;;;;;;;x
via_sanguinus;Via Sanguinus;;;;;;;;;;;;;x
String_via_sanguinus;Via Sanguinus;;;;;;;;;;;;;x
via_sanguinus_desc;Via Sanguinus description;;;;;;;;;;;;;x
via_sanguinus_rank_4_female;Paragon;;;;;;;;;;;;;x
via_sanguinus_rank_4_male;Paragon;;;;;;;;;;;;;x
via_sanguinus_rank_3_female;Mentor;;;;;;;;;;;;;x
via_sanguinus_rank_3_male;Mentor;;;;;;;;;;;;;x
via_sanguinus_rank_2_female;Adherent;;;;;;;;;;;;;x
via_sanguinus_rank_2_male;Adherent;;;;;;;;;;;;;x
via_sanguinus_rank_1_female;Initiate;;;;;;;;;;;;;x
via_sanguinus_rank_1_male;Initiate;;;;;;;;;;;;;x
currency_name_via_sanguinus;Faith;;;;;;;;;;;;;x
via_sanguinus_leader_desc;Via Sanguinus leader description;;;;;;;;;;;;;x
via_ossium;Via Ossium;;;;;;;;;;;;;x
String_via_ossium;Via Ossium;;;;;;;;;;;;;x
via_ossium_desc;Via Ossium description;;;;;;;;;;;;;x
via_ossium_rank_4_female;Paragon;;;;;;;;;;;;;x
via_ossium_rank_4_male;Paragon;;;;;;;;;;;;;x
via_ossium_rank_3_female;Mentor;;;;;;;;;;;;;x
via_ossium_rank_3_male;Mentor;;;;;;;;;;;;;x
via_ossium_rank_2_female;Adherent;;;;;;;;;;;;;x
via_ossium_rank_2_male;Adherent;;;;;;;;;;;;;x
via_ossium_rank_1_female;Initiate;;;;;;;;;;;;;x
via_ossium_rank_1_male;Initiate;;;;;;;;;;;;;x
currency_name_via_ossium;Faith;;;;;;;;;;;;;x
via_ossium_leader_desc;Via Ossium leader description;;;;;;;;;;;;;x
via_mutationis;Via Mutationis;;;;;;;;;;;;;x
String_via_mutationis;Via Mutationis;;;;;;;;;;;;;x
via_mutationis_desc;Via Mutationis description;;;;;;;;;;;;;x
via_mutationis_rank_4_female;Paragon;;;;;;;;;;;;;x
via_mutationis_rank_4_male;Paragon;;;;;;;;;;;;;x
via_mutationis_rank_3_female;Mentor;;;;;;;;;;;;;x
via_mutationis_rank_3_male;Mentor;;;;;;;;;;;;;x
via_mutationis_rank_2_female;Adherent;;;;;;;;;;;;;x
via_mutationis_rank_2_male;Adherent;;;;;;;;;;;;;x
via_mutationis_rank_1_female;Initiate;;;;;;;;;;;;;x
via_mutationis_rank_1_male;Initiate;;;;;;;;;;;;;x
currency_name_via_mutationis;Mutation;;;;;;;;;;;;;x
via_mutationis_leader_desc;Via Mutationis leader description;;;;;;;;;;;;;x
via_noctis;Via Noctis;;;;;;;;;;;;;x
String_via_noctis;Via Noctis;;;;;;;;;;;;;x
via_noctis_desc;Via Noctis description;;;;;;;;;;;;;x
via_noctis_rank_4_female;Paragon;;;;;;;;;;;;;x
via_noctis_rank_4_male;Paragon;;;;;;;;;;;;;x
via_noctis_rank_3_female;Mentor;;;;;;;;;;;;;x
via_noctis_rank_3_male;Mentor;;;;;;;;;;;;;x
via_noctis_rank_2_female;Adherent;;;;;;;;;;;;;x
via_noctis_rank_2_male;Adherent;;;;;;;;;;;;;x
via_noctis_rank_1_female;Initiate;;;;;;;;;;;;;x
via_noctis_rank_1_male;Initiate;;;;;;;;;;;;;x
currency_name_via_noctis;Faith;;;;;;;;;;;;;x
via_noctis_leader_desc;Via Noctis leader description;;;;;;;;;;;;;x
via_paradoxi;Via Paradoxi;;;;;;;;;;;;;x
String_via_paradoxi;Via Paradoxi;;;;;;;;;;;;;x
via_paradoxi_desc;Via Paradoxi description;;;;;;;;;;;;;x
via_paradoxi_rank_4_female;Paragon;;;;;;;;;;;;;x
via_paradoxi_rank_4_male;Paragon;;;;;;;;;;;;;x
via_paradoxi_rank_3_female;Mentor;;;;;;;;;;;;;x
via_paradoxi_rank_3_male;Mentor;;;;;;;;;;;;;x
via_paradoxi_rank_2_female;Adherent;;;;;;;;;;;;;x
via_paradoxi_rank_2_male;Adherent;;;;;;;;;;;;;x
via_paradoxi_rank_1_female;Initiate;;;;;;;;;;;;;x
via_paradoxi_rank_1_male;Initiate;;;;;;;;;;;;;x
currency_name_via_paradoxi;Paradox;;;;;;;;;;;;;x
via_paradoxi_leader_desc;Via Paradoxi leader description;;;;;;;;;;;;;x
via_serpentis;Via Serpentis;;;;;;;;;;;;;x
String_via_serpentis;Via Serpentis;;;;;;;;;;;;;x
via_serpentis_desc;Via Serpentis description;;;;;;;;;;;;;x
via_serpentis_rank_4_female;Paragon;;;;;;;;;;;;;x
via_serpentis_rank_4_male;Paragon;;;;;;;;;;;;;x
via_serpentis_rank_3_female;Mentor;;;;;;;;;;;;;x
via_serpentis_rank_3_male;Mentor;;;;;;;;;;;;;x
via_serpentis_rank_2_female;Adherent;;;;;;;;;;;;;x
via_serpentis_rank_2_male;Adherent;;;;;;;;;;;;;x
via_serpentis_rank_1_female;Initiate;;;;;;;;;;;;;x
via_serpentis_rank_1_male;Initiate;;;;;;;;;;;;;x
currency_name_via_serpentis;Faith;;;;;;;;;;;;;x
via_serpentis_leader_desc;Via Serpentis leader description;;;;;;;;;;;;;x
via_hyron;Via Hyron;;;;;;;;;;;;;x
String_via_hyron;Via Hyron;;;;;;;;;;;;;x
via_hyron_desc;Via Hyron description;;;;;;;;;;;;;x
via_hyron_rank_4_female;Paragon;;;;;;;;;;;;;x
via_hyron_rank_4_male;Paragon;;;;;;;;;;;;;x
via_hyron_rank_3_female;Mentor;;;;;;;;;;;;;x
via_hyron_rank_3_male;Mentor;;;;;;;;;;;;;x
via_hyron_rank_2_female;Adherent;;;;;;;;;;;;;x
via_hyron_rank_2_male;Adherent;;;;;;;;;;;;;x
via_hyron_rank_1_female;Initiate;;;;;;;;;;;;;x
via_hyron_rank_1_male;Initiate;;;;;;;;;;;;;x
currency_name_via_hyron;Faith;;;;;;;;;;;;;x
via_hyron_leader_desc;Via Hyron leader description;;;;;;;;;;;;;x
via_einherjar;Via Einherjar;;;;;;;;;;;;;x
String_via_einherjar;Via Einherjar;;;;;;;;;;;;;x
via_einherjar_desc;Via Einherjar description;;;;;;;;;;;;;x
via_einherjar_rank_4_female;Paragon;;;;;;;;;;;;;x
via_einherjar_rank_4_male;Paragon;;;;;;;;;;;;;x
via_einherjar_rank_3_female;Mentor;;;;;;;;;;;;;x
via_einherjar_rank_3_male;Mentor;;;;;;;;;;;;;x
via_einherjar_rank_2_female;Adherent;;;;;;;;;;;;;x
via_einherjar_rank_2_male;Adherent;;;;;;;;;;;;;x
via_einherjar_rank_1_female;Initiate;;;;;;;;;;;;;x
via_einherjar_rank_1_male;Initiate;;;;;;;;;;;;;x
currency_name_via_einherjar;Valor;;;;;;;;;;;;;x
via_einherjar_leader_desc;Via Einherjar leader description;;;;;;;;;;;;;x
via_yasaq;Via Yasaq;;;;;;;;;;;;;x
String_via_yasaq;Via Yasaq;;;;;;;;;;;;;x
via_yasaq_desc;Via Yasaq description;;;;;;;;;;;;;x
via_yasaq_rank_4_female;Paragon;;;;;;;;;;;;;x
via_yasaq_rank_4_male;Paragon;;;;;;;;;;;;;x
via_yasaq_rank_3_female;Mentor;;;;;;;;;;;;;x
via_yasaq_rank_3_male;Mentor;;;;;;;;;;;;;x
via_yasaq_rank_2_female;Adherent;;;;;;;;;;;;;x
via_yasaq_rank_2_male;Adherent;;;;;;;;;;;;;x
via_yasaq_rank_1_female;Initiate;;;;;;;;;;;;;x
via_yasaq_rank_1_male;Initiate;;;;;;;;;;;;;x
currency_name_via_yasaq;Honor;;;;;;;;;;;;;x
via_yasaq_leader_desc;Via Yasaq leader description;;;;;;;;;;;;;x
tariq_el-bedouin;Tariq el-Bedouin;;;;;;;;;;;;;x
String_tariq_el-bedouin;Tariq el-Bedouin;;;;;;;;;;;;;x
tariq_el-bedouin_desc;Tariq el-Bedouin description;;;;;;;;;;;;;x
tariq_el-bedouin_rank_4_female;Paragon;;;;;;;;;;;;;x
tariq_el-bedouin_rank_4_male;Paragon;;;;;;;;;;;;;x
tariq_el-bedouin_rank_3_female;Mentor;;;;;;;;;;;;;x
tariq_el-bedouin_rank_3_male;Mentor;;;;;;;;;;;;;x
tariq_el-bedouin_rank_2_female;Adherent;;;;;;;;;;;;;x
tariq_el-bedouin_rank_2_male;Adherent;;;;;;;;;;;;;x
tariq_el-bedouin_rank_1_female;Initiate;;;;;;;;;;;;;x
tariq_el-bedouin_rank_1_male;Initiate;;;;;;;;;;;;;x
currency_name_tariq_el-bedouin;Faith;;;;;;;;;;;;;x
tariq_el-bedouin_leader_desc;Tariq el-Bedouin leader description;;;;;;;;;;;;;x
tariq_el-harb;Tariq el-Harb;;;;;;;;;;;;;x
String_tariq_el-harb;Tariq el-Harb;;;;;;;;;;;;;x
tariq_el-harb_desc;Tariq el-Harb description;;;;;;;;;;;;;x
tariq_el-harb_rank_4_female;Paragon;;;;;;;;;;;;;x
tariq_el-harb_rank_4_male;Paragon;;;;;;;;;;;;;x
tariq_el-harb_rank_3_female;Mentor;;;;;;;;;;;;;x
tariq_el-harb_rank_3_male;Mentor;;;;;;;;;;;;;x
tariq_el-harb_rank_2_female;Adherent;;;;;;;;;;;;;x
tariq_el-harb_rank_2_male;Adherent;;;;;;;;;;;;;x
tariq_el-harb_rank_1_female;Initiate;;;;;;;;;;;;;x
tariq_el-harb_rank_1_male;Initiate;;;;;;;;;;;;;x
currency_name_tariq_el-harb;Faith;;;;;;;;;;;;;x
tariq_el-harb_leader_desc;Tariq el-Harb leader description;;;;;;;;;;;;;x
tariq_el-sama;Tariq el-Sama;;;;;;;;;;;;;x
String_tariq_el-sama;Tariq el-Sama;;;;;;;;;;;;;x
tariq_el-sama_desc;Tariq el-Sama description;;;;;;;;;;;;;x
tariq_el-sama_rank_4_female;Paragon;;;;;;;;;;;;;x
tariq_el-sama_rank_4_male;Paragon;;;;;;;;;;;;;x
tariq_el-sama_rank_3_female;Mentor;;;;;;;;;;;;;x
tariq_el-sama_rank_3_male;Mentor;;;;;;;;;;;;;x
tariq_el-sama_rank_2_female;Adherent;;;;;;;;;;;;;x
tariq_el-sama_rank_2_male;Adherent;;;;;;;;;;;;;x
tariq_el-sama_rank_1_female;Initiate;;;;;;;;;;;;;x
tariq_el-sama_rank_1_male;Initiate;;;;;;;;;;;;;x
currency_name_tariq_el-sama;Faith;;;;;;;;;;;;;x
tariq_el-sama_leader_desc;Tariq el-Sama leader description;;;;;;;;;;;;;x
tariq_el-shaitan;Tariq el-Shaitan;;;;;;;;;;;;;x
String_tariq_el-shaitan;Tariq el-Shaitan;;;;;;;;;;;;;x
tariq_el-shaitan_desc;Tariq el-Shaitan description;;;;;;;;;;;;;x
tariq_el-shaitan_rank_4_female;Paragon;;;;;;;;;;;;;x
tariq_el-shaitan_rank_4_male;Paragon;;;;;;;;;;;;;x
tariq_el-shaitan_rank_3_female;Mentor;;;;;;;;;;;;;x
tariq_el-shaitan_rank_3_male;Mentor;;;;;;;;;;;;;x
tariq_el-shaitan_rank_2_female;Adherent;;;;;;;;;;;;;x
tariq_el-shaitan_rank_2_male;Adherent;;;;;;;;;;;;;x
tariq_el-shaitan_rank_1_female;Initiate;;;;;;;;;;;;;x
tariq_el-shaitan_rank_1_male;Initiate;;;;;;;;;;;;;x
currency_name_tariq_el-shaitan;Faith;;;;;;;;;;;;;x
tariq_el-shaitan_leader_desc;Tariq el-Shaitan leader description;;;;;;;;;;;;;x
tariq_el-umma;Tariq el-Umma;;;;;;;;;;;;;x
String_tariq_el-umma;Tariq el-Umma;;;;;;;;;;;;;x
tariq_el-umma_desc;Tariq el-Umma description;;;;;;;;;;;;;x
tariq_el-umma_rank_4_female;Paragon;;;;;;;;;;;;;x
tariq_el-umma_rank_4_male;Paragon;;;;;;;;;;;;;x
tariq_el-umma_rank_3_female;Mentor;;;;;;;;;;;;;x
tariq_el-umma_rank_3_male;Mentor;;;;;;;;;;;;;x
tariq_el-umma_rank_2_female;Adherent;;;;;;;;;;;;;x
tariq_el-umma_rank_2_male;Adherent;;;;;;;;;;;;;x
tariq_el-umma_rank_1_female;Initiate;;;;;;;;;;;;;x
tariq_el-umma_rank_1_male;Initiate;;;;;;;;;;;;;x
currency_name_tariq_el-umma;Faith;;;;;;;;;;;;;x
tariq_el-umma_leader_desc;Tariq el-Umma leader description;;;;;;;;;;;;;x
code_of_tremere;Code of Tremere;;;;;;;;;;;;;x
String_code_of_tremere;Code of Tremere;;;;;;;;;;;;;x
code_of_tremere_desc;Code of Tremere description;;;;;;;;;;;;;x
code_of_tremere_rank_4_female;Paragon;;;;;;;;;;;;;x
code_of_tremere_rank_4_male;Paragon;;;;;;;;;;;;;x
code_of_tremere_rank_3_female;Mentor;;;;;;;;;;;;;x
code_of_tremere_rank_3_male;Mentor;;;;;;;;;;;;;x
code_of_tremere_rank_2_female;Adherent;;;;;;;;;;;;;x
code_of_tremere_rank_2_male;Adherent;;;;;;;;;;;;;x
code_of_tremere_rank_1_female;Initiate;;;;;;;;;;;;;x
code_of_tremere_rank_1_male;Initiate;;;;;;;;;;;;;x
currency_name_code_of_tremere;Faith;;;;;;;;;;;;;x
code_of_tremere_leader_desc;Code of Tremere leader description;;;;;;;;;;;;;x
order_black_cross;Order of the Black Cross;;;;;;;;;;;;;x
String_the_order_black_cross;Order of the Black Cross;;;;;;;;;;;;;x
order_black_cross_desc;The Knights of the Black Cross, die Ritter vom (von dem) Schwarzen Kreuze. a secret Cainite order within the ranks of the Teutonic Knights, named for the Black Cross of the Teutonic Order. It was founded by Ventrue Lord Jürgen von Verden, lieutenant and childe of mighty Hardestadt.;;;;;;;;;;;;;x
order_black_cross_rank_1_female;Squire;;;;;;;;;;;;;x
order_black_cross_rank_2_female;Knight;;;;;;;;;;;;;x
order_black_cross_rank_3_female;Knight Captain;;;;;;;;;;;;;x
order_black_cross_rank_4_female;Grand Mistress;;;;;;;;;;;;;x
order_black_cross_rank_1_male;Squire;;;;;;;;;;;;;x
order_black_cross_rank_2_male;Knight;;;;;;;;;;;;;x
order_black_cross_rank_3_male;Knight Captain;;;;;;;;;;;;;x
order_black_cross_rank_4_male;Grand Master;;;;;;;;;;;;;x
currency_name_order_black_cross;Honor;;;;;;;;;;;;;x
order_black_cross_leader_desc;Grand Master of the Knights of the Black Cross;;;;;;;;;;;;;x
derech_lilit;Derech Lilit;;;;;;;;;;;;;x
String_derech_lilit;Derech Lilit;;;;;;;;;;;;;x
derech_lilit_desc;Derech Lilit description;;;;;;;;;;;;;x
derech_lilit_rank_4_female;Paragon;;;;;;;;;;;;;x
derech_lilit_rank_4_male;Paragon;;;;;;;;;;;;;x
derech_lilit_rank_3_female;Mentor;;;;;;;;;;;;;x
derech_lilit_rank_3_male;Mentor;;;;;;;;;;;;;x
derech_lilit_rank_2_female;Adherent;;;;;;;;;;;;;x
derech_lilit_rank_2_male;Adherent;;;;;;;;;;;;;x
derech_lilit_rank_1_female;Initiate;;;;;;;;;;;;;x
derech_lilit_rank_1_male;Initiate;;;;;;;;;;;;;x
currency_name_derech_lilit;Faith;;;;;;;;;;;;;x
derech_lilit_leader_desc;Derech Lilit leader description;;;;;;;;;;;;;x
order_sable_rose;Order of the Sable Rose;;;;;;;;;;;;;x
String_the_order_sable_rose;Order of the Sable Rose;;;;;;;;;;;;;x
order_sable_rose_desc;Formed during 1125 from a group of travelling noble knights who were on their way to join the Crusade, the Knights were known for their skillfull and artistic crafted armors and weapons. A group of devotees of the Cainite Heresy and dedicated to protect their angel -who is in fact a Toreador Methuselah--Andrew;;;;;;;;;;;;;x
order_sable_rose_rank_1_female;Squire;;;;;;;;;;;;;x
order_sable_rose_rank_2_female;Knight;;;;;;;;;;;;;x
order_sable_rose_rank_3_female;Knight Captain;;;;;;;;;;;;;x
order_sable_rose_rank_4_female;Grand Mistress;;;;;;;;;;;;;x
order_sable_rose_rank_1_male;Squire;;;;;;;;;;;;;x
order_sable_rose_rank_2_male;Knight;;;;;;;;;;;;;x
order_sable_rose_rank_3_male;Knight Captain;;;;;;;;;;;;;x
order_sable_rose_rank_4_male;Grand Master;;;;;;;;;;;;;x
currency_name_order_sable_rose;Honor;;;;;;;;;;;;;x
order_sable_rose_leader_desc;Grand Master of the Knights of the Sable Rose;;;;;;;;;;;;;x
order_saint_ladre;Order of the Saint Ladre;;;;;;;;;;;;;x
String_the_order_saint_ladre;Order of Saint Ladre;;;;;;;;;;;;;x
order_saint_ladre_desc;The Nosferatu of St. Ladre or St. Lazarus arose out of an auxiliary order of leper knights that were forced to retire from the Templars and the Hospitallers of St. John.;;;;;;;;;;;;;x
order_saint_ladre_rank_1_female;Squire;;;;;;;;;;;;;x
order_saint_ladre_rank_2_female;Knight;;;;;;;;;;;;;x
order_saint_ladre_rank_3_female;Knight Captain;;;;;;;;;;;;;x
order_saint_ladre_rank_4_female;Grand Mistress;;;;;;;;;;;;;x
order_saint_ladre_rank_1_male;Squire;;;;;;;;;;;;;x
order_saint_ladre_rank_2_male;Knight;;;;;;;;;;;;;x
order_saint_ladre_rank_3_male;Knight Captain;;;;;;;;;;;;;x
order_saint_ladre_rank_4_male;Grand Master;;;;;;;;;;;;;x
currency_name_order_saint_ladre;Honor;;;;;;;;;;;;;x
order_saint_ladre_leader_desc;Grand Master of the Knights of the Saint Ladre;;;;;;;;;;;;;x
order_bitter_ashes;Order of the Bitter Ashes;;;;;;;;;;;;;x
String_the_order_bitter_ashes;Order of Bitter Ashes;;;;;;;;;;;;;x
order_bitter_ashes_desc;A Cainite order dedicated to hunting down and preserving the true relics and proof of God's existence.;;;;;;;;;;;;;x
order_bitter_ashes_rank_1_female;Squire;;;;;;;;;;;;;x
order_bitter_ashes_rank_2_female;Knight;;;;;;;;;;;;;x
order_bitter_ashes_rank_3_female;Knight Captain;;;;;;;;;;;;;x
order_bitter_ashes_rank_4_female;Grand Mistress;;;;;;;;;;;;;x
order_bitter_ashes_rank_1_male;Squire;;;;;;;;;;;;;x
order_bitter_ashes_rank_2_male;Knight;;;;;;;;;;;;;x
order_bitter_ashes_rank_3_male;Knight Captain;;;;;;;;;;;;;x
order_bitter_ashes_rank_4_male;Grand Master;;;;;;;;;;;;;x
currency_name_order_bitter_ashes;Honor;;;;;;;;;;;;;x
order_bitter_ashes_leader_desc;Grand Master of the Knights of the Bitter Ashes;;;;;;;;;;;;;x
order_twilight;Twilight Order;;;;;;;;;;;;;x
String_the_order_twilight;Twilight Order;;;;;;;;;;;;;x
order_twilight_desc;The Order of the True Knights of the Setting Sun is institution of followers of the Via Humanitatis that hunts Wights.;;;;;;;;;;;;;x
order_twilight_rank_1_female;Squire;;;;;;;;;;;;;x
order_twilight_rank_2_female;Knight;;;;;;;;;;;;;x
order_twilight_rank_3_female;Knight Captain;;;;;;;;;;;;;x
order_twilight_rank_4_female;Grand Mistress;;;;;;;;;;;;;x
order_twilight_rank_1_male;Squire;;;;;;;;;;;;;x
order_twilight_rank_2_male;Knight;;;;;;;;;;;;;x
order_twilight_rank_3_male;Knight Captain;;;;;;;;;;;;;x
order_twilight_rank_4_male;Grand Master;;;;;;;;;;;;;x
currency_name_order_twilight;Honor;;;;;;;;;;;;;x
order_twilight_leader_desc;Grand Master of the Knights of the Twilight Order;;;;;;;;;;;;;x
eternal_senate;Eternal Senate;;;;;;;;;;;;;x
String_the_eternal_senate;Eternal Senate;;;;;;;;;;;;;x
eternal_senate_desc;The Eternal Senate was a council of Cainites modeled after the Roman Senate (albeit much smaller), to govern, legislate and rule over the Roman Empire.  Refounded by Julia Antasia in Frankfurt, county of Mainz.;;;;;;;;;;;;;x
eternal_senate_rank_1_female;Senator;;;;;;;;;;;;;x
eternal_senate_rank_2_female;Tribune;;;;;;;;;;;;;x
eternal_senate_rank_3_female;Consul;;;;;;;;;;;;;x
eternal_senate_rank_4_female;Dictator;;;;;;;;;;;;;x
eternal_senate_rank_1_male;Senator;;;;;;;;;;;;;x
eternal_senate_rank_2_male;Tribune;;;;;;;;;;;;;x
eternal_senate_rank_3_male;Consul;;;;;;;;;;;;;x
eternal_senate_rank_4_male;Dictator;;;;;;;;;;;;;x
currency_name_eternal_senate;Rhetorica;;;;;;;;;;;;;x
eternal_senate_leader_desc;Dictator of the Eternal Senate;;;;;;;;;;;;;x
crimson_curia;Cainite Heresy;;;;;;;;;;;;;x
String_the_crimson_curia;Crimson Curia;;;;;;;;;;;;;x
crimson_curia_desc;The Crimson Curia leads the Cainite Heresy was a heretical belief during the Dark Ages that was practiced mainly by Christian Cainites, mostly but not exclusively by Lasombra vampires. It is steeped heavy in Gnosticism and counted with a flock of human priests and clerics.;;;;;;;;;;;;;x
crimson_curia_rank_1_female;Sister;;;;;;;;;;;;;x
crimson_curia_rank_2_female;Mother;;;;;;;;;;;;;x
crimson_curia_rank_3_female;Bishop of Nod;;;;;;;;;;;;;x
crimson_curia_rank_4_female;The Archbishop of Nod;;;;;;;;;;;;;x
crimson_curia_rank_1_male;Brother;;;;;;;;;;;;;x
crimson_curia_rank_2_male;Father;;;;;;;;;;;;;x
crimson_curia_rank_3_male;Bishop of Nod;;;;;;;;;;;;;x
crimson_curia_rank_4_male;Archbishop of Nod;;;;;;;;;;;;;x
currency_name_crimson_curia;Rhetorica;;;;;;;;;;;;;x
crimson_curia_leader_desc;The Archbishop of Nod is the head of the Crimson Curia, the ruling body of the Cainite Heresy on Earth. The rest of the Curia is composed of the Bishops of Nod. ;;;;;;;;;;;;;x
order_st_panteleimon;Order of St. Panteleimon;;;;;;;;;;;;;x
String_order_st_panteleimon;Order of St. Panteleimon;;;;;;;;;;;;;x
order_st_panteleimon_desc;These preaching friars server as the couriers, scribes, scholars, clerks and missionaires of the Cainite Heresy.;;;;;;;;;;;;;x
order_st_panteleimon_rank_1_female;Donatus;Donatus;Donatus;;Donatus;;;;;x
order_st_panteleimon_rank_2_female;Oblatus;Oblatus;Oblatus;;Oblatus;;;;;x
order_st_panteleimon_rank_3_female;Commissus;Commissus;Commissus;;Commissus;;;;;x
order_st_panteleimon_rank_4_female;Conversus;Conversus;Conversus;;Conversus;;;;;x
order_st_panteleimon_rank_1_male;Donatus;Donatus;Donatus;;Donatus;;;;;x
order_st_panteleimon_rank_2_male;Oblatus;Oblatus;Oblatus;;Oblatus;;;;;x
order_st_panteleimon_rank_3_male;Commissus;Commissus;Commissus;;Commissus;;;;;x
order_st_panteleimon_rank_4_male;Conversus;Conversus;Conversus;;Conversus;;;;;x
currency_name_order_st_panteleimon;Spiritus Sancti;;;;;;;;;;;;;x
order_st_panteleimon_leader_desc;The Conversus of the Order of St. Panteleimon;;;;;;;;;;;;;x
cult_of_mithras;Cult of Mithras;;;;;;;;;;;;;x
String_cult_of_mithras;Cult of Mithras;;;;;;;;;;;;;x
cult_of_mithras_desc;Cult of Mithras;;;;;;;;;;;;;x
cult_of_mithras_rank_4_female;High Priest;;;;;;;;;;;;;x
cult_of_mithras_rank_4_male;High Priest;;;;;;;;;;;;;x
cult_of_mithras_rank_3_female;Priest;;;;;;;;;;;;;x
cult_of_mithras_rank_3_male;Priest;;;;;;;;;;;;;x
cult_of_mithras_rank_2_female;Disciple;;;;;;;;;;;;;x
cult_of_mithras_rank_2_male;Disciple;;;;;;;;;;;;;x
cult_of_mithras_rank_1_female;Initiate;;;;;;;;;;;;;x
cult_of_mithras_rank_1_male;Initiate;;;;;;;;;;;;;x
currency_name_cult_of_mithras;Faith;;;;;;;;;;;;;x
cult_of_mithras_leader_desc;God-King;;;;;;;;;;;;;x
EVTDESC_MNM_3225_V;In an effort to convince the court of my commitment to [Root.Religion.GetHighGodName], I have gone to [Root.GetHouseOfWorship]. A [Root.Religion.GetPriestTitle] eyes me warily as I walk up the steps and enter the building. May [Root.TrueReligion.GetHighGodName] forgive me, but I need to make a good impression here.;Dans un effort visant à convaincre la Cour de mon engagement envers [Root.Religion.GetHighGodName], je suis devant l'entrée [Root.GetHouseOfWorshipDuDela] pour laisser une offrande à l'autel des dieux. Un [Root.Religion.GetPriestTitle] me regarde avec méfiance alors que je gravis les marches et entre dans le bâtiment. Que [Root.TrueReligion.GetHighGodName] me pardonne, mais je dois faire bonne impression ici.;Um den Hof von meiner Hingabe zu [Root.Religion.GetHighGodName] zu überzeugen, bin ich zum/zur [Root.GetHouseOfWorship] gegangen, um am Altar der Götter eine Opfergabe darzubringen. Ein/e [Root.Religion.GetPriestTitle] schaut mich misstrauisch an, als ich die Stufen hinaufsteige und das Gebäude betrete. Möge [Root.TrueReligion.GetHighGodName] mir vergeben, aber ich muss hier einen guten Eindruck machen.;;En un intento de convencer a la corte de mi compromiso con [Root.Religion.GetHighGodName], he ido al templo para hacer una ofrenda en el altar de los dioses. El religioso me observa con recelo mientras subo los peldaños y entro en el edificio. Que [Root.TrueReligion.GetHighGodName] me perdone, pero debo dar una buena impresión.;;;;;;;;;x
